CaseID,duration,Children6to17,childage,parental,childgender,sleepneeds,oftbathpar,oftmusicpar,oftalcoholpar,oftreadpar,oftyogapar,oftTVpar,oftonlinepar,oftOTCpar,oftotherpar,bed_school,wake_school,bed_nonschool,wake_nonschool,bedhours_school,bedhours_nonschool,sleephours_school,sleephours_nonschool,wakeupatnight,sleepinschool
180,8,1,16,2,1,10,4,4,4,4,4,2,4,4,4,13,6,13,13,3,12,4,13,1,4
1027,19,2,9,1,2,8,2,2,4,2,4,1,4,4,4,9,7,11,9,10,10,9,13,1,1
635,10,1,14,1,1,10,1,3,3,3,4,1,2,3,3,11,7,13,13,8,12,6,12,2,3
3,11,1,17,2,1,8,4,1,4,2,4,2,4,4,4,11,7,13,13,8,13,7,12,1,1
265,8,1,16,1,2,8,4,4,4,3,4,2,3,4,4,11,6,10,10,7,12,7,12,2,1
1091,9,1,15,1,1,10,2,3,2,3,4,1,4,3,4,10,6,11,12,8,13,7,12,1,1
30,13,3,11,1,1,10,3,3,3,1,4,2,2,4,2,10,7,9,9,9,12,8,12,1,1
263,29,3,14,1,1,8,3,3,2,2,4,1,2,4,2,#NULL!,#NULL!,11,11,#NULL!,12,8,12,1,2
486,15,4,12,1,1,10,2,2,3,3,4,1,1,1,3,9,6,12,12,9,12,8,12,3,2
490,18,1,17,1,2,8,2,2,4,2,4,2,1,4,4,10,7,11,11,9,12,8,12,1,2
877,26,3,15,1,1,9,3,2,3,2,3,3,3,3,3,11,6,13,11,7,10,8,12,2,2
1146,13,1,14,2,2,9,1,1,4,1,4,3,4,2,-1,9,6,10,10,9,12,8,12,1,1
1206,14,3,16,5,2,9,1,3,4,3,4,1,3,4,4,9,7,10,10,10,12,8,12,2,-1
1282,35,2,15,1,1,8,1,2,4,2,4,1,4,3,2,10,7,11,12,9,13,8,12,2,1
1316,7,1,15,1,2,8,4,3,2,3,4,2,3,2,3,10,6,11,13,8,14,8,12,1,1
1426,13,1,6,1,2,8,4,4,4,4,4,4,4,4,4,9,5,10,10,8,12,8,12,1,2
1430,10,1,13,1,1,8,4,4,4,4,4,4,4,4,4,10,6,11,11,8,12,8,12,1,2
402,7,1,12,1,2,10,4,2,2,1,4,3,2,3,3,9,6,10,10,9,12,9,12,1,2
526,9,1,7,1,2,11,2,2,4,2,3,3,2,3,3,7,6,9,9,11,12,9,12,1,1
563,12,1,16,1,2,8,1,1,2,2,3,1,2,2,3,9,7,12,11,10,11,9,12,2,-1
582,8,2,9,1,1,9,4,4,4,1,4,4,4,4,4,9,6,9,8,9,11,9,12,1,1
757,32,2,12,1,2,8,-1,-1,-1,-1,-1,-1,-1,-1,-1,9,6,11,11,9,12,9,12,1,1
977,14,1,10,1,2,10,1,4,4,1,4,4,4,4,4,9,7,10,9,10,11,9,12,1,1
990,8,3,16,1,2,9,2,2,2,1,3,4,3,2,3,11,8,11,11,9,12,9,12,1,1
1184,14,2,10,1,2,9,3,3,4,3,4,2,1,4,4,10,7,11,11,9,12,9,12,1,1
322,13,1,7,1,1,11,2,2,2,2,2,2,4,4,3,8,7,10,9,11,11,10,12,1,1
397,8,2,10,1,2,10,3,4,4,2,4,2,2,4,4,9,8,10,9,11,11,10,12,1,1
819,6,1,17,1,2,10,2,3,3,3,3,2,3,3,3,8,7,8,9,11,13,10,12,2,2
943,8,1,10,1,2,10,1,3,4,3,4,4,1,3,2,9,7,#NULL!,#NULL!,10,#NULL!,10,12,2,1
992,27,2,8,5,2,10,4,3,4,4,4,4,4,4,3,9,7,11,10,10,11,10,12,2,1
1142,9,2,14,1,1,10,3,4,3,4,4,2,4,4,4,10,7,11,10,9,11,10,12,1,1
1158,42,3,14,1,1,10,2,2,4,3,2,2,3,2,2,9,6,11,13,9,14,10,12,1,1
1245,11,1,9,1,2,9,1,2,4,3,4,2,4,4,4,10,7,11,11,9,12,10,12,1,1
1512,14,2,12,1,1,12,1,1,4,1,4,1,1,4,-1,9,8,10,10,11,12,10,12,4,-1
852,9,1,6,1,1,12,3,3,4,2,4,3,2,3,4,7,6,7,7,11,12,11,12,1,1
572,5,1,6,1,2,12,1,3,3,3,3,3,4,3,2,8,8,9,9,12,12,12,12,1,1
532,13,1,17,1,1,8,2,4,4,3,4,1,4,4,4,13,6,13,13,5,11,5,11,2,2
377,10,2,16,1,2,9,2,4,4,3,4,2,4,4,4,11,5,13,12,6,11,6,11,4,2
261,6,1,17,1,1,7,1,1,3,3,4,1,1,2,3,11,6,13,13,7,11,7,11,1,1
314,7,2,16,2,2,7,1,1,4,2,3,1,1,3,3,#NULL!,#NULL!,#NULL!,#NULL!,#NULL!,#NULL!,7,11,3,1
437,19,1,17,2,1,9,3,4,3,4,4,2,3,4,4,10,6,12,12,8,12,7,11,1,2
1050,9,2,14,1,1,8,4,4,4,2,4,1,2,3,3,10,6,11,10,8,11,7,11,1,2
612,11,2,11,1,2,9,1,3,2,1,4,2,1,4,4,9,6,10,9,9,11,8,11,2,1
670,9,2,16,1,1,8,2,4,4,2,4,4,3,4,4,10,6,12,11,8,11,8,11,1,1
1185,8,2,14,1,1,9,1,3,3,1,4,4,4,2,4,10,6,10,9,8,11,8,11,2,1
1363,7,2,17,1,2,9,1,4,3,2,2,2,2,3,2,11,7,12,11,8,11,8,11,2,3
1391,38,2,7,1,2,10,2,3,3,4,4,1,1,4,4,9,6,9,6,9,9,8,11,1,1
128,15,5,9,1,2,10,3,2,4,4,4,2,4,4,4,9,7,10,10,10,12,9,11,1,1
216,10,1,11,1,2,11,3,4,4,3,4,1,1,1,1,9,7,12,12,10,12,9,11,1,2
507,13,1,10,1,2,9,3,4,2,4,4,3,4,4,4,9,6,10,9,9,11,9,11,2,1
528,10,1,16,1,1,9,3,4,4,3,4,3,4,4,4,9,6,12,11,9,11,9,11,1,1
678,7,1,12,1,2,10,1,4,4,2,4,4,4,4,4,10,7,10,10,9,12,9,11,1,1
727,21,2,16,1,2,8,1,-1,-1,-1,-1,-1,-1,-1,1,11,7,12,10,8,10,9,11,1,1
740,24,1,13,1,2,9,1,4,4,1,3,2,2,3,2,10,7,11,10,9,11,9,11,1,1
751,12,1,8,5,2,10,2,3,4,3,4,3,4,4,4,10,7,12,11,9,11,9,11,1,1
811,17,1,8,1,1,8,2,2,3,3,4,2,2,3,4,9,7,11,9,10,10,9,11,2,1
870,13,2,10,1,1,8,4,4,4,4,4,4,4,4,4,8,7,11,10,11,11,9,11,1,1
889,11,2,17,5,2,10,2,3,4,3,4,2,2,4,4,10,8,11,11,10,12,9,11,2,1
981,11,3,16,1,1,9,2,2,3,1,4,2,3,4,2,9,6,9,8,9,11,9,11,2,1
1018,15,1,16,1,2,9,3,3,4,4,4,2,3,4,4,10,7,12,11,9,11,9,11,1,1
1125,12,1,14,1,1,10,3,2,3,2,4,2,1,4,2,10,7,13,12,9,11,9,11,1,1
1252,9,5,13,2,1,9,1,2,3,2,3,2,2,4,3,10,7,11,10,9,11,9,11,2,1
1255,10,2,8,1,1,9,2,3,4,2,2,1,2,4,1,9,8,10,9,11,11,9,11,2,1
1264,29,2,13,1,2,7,2,3,4,4,4,1,3,4,4,10,6,10,10,8,12,9,11,1,2
1297,1224,2,10,1,1,1,3,3,3,2,3,1,1,4,4,10,8,12,10,10,10,9,11,1,1
1482,8,1,14,1,2,8,4,4,4,2,4,4,4,4,4,9,6,10,10,9,12,9,11,2,1
1485,28,2,13,5,2,8,1,2,4,3,4,3,4,4,4,9,6,11,8,9,9,9,11,3,1
1527,18,2,14,2,1,9,1,4,4,4,4,1,4,4,3,9,6,10,11,9,13,9,11,3,3
8,6,2,10,1,1,10,3,2,3,3,4,2,4,2,4,9,7,10,9,10,11,10,11,1,1
209,5,1,6,1,2,11,4,4,4,4,4,4,4,4,2,8,7,8,7,11,11,10,11,1,1
248,1347,1,14,1,2,8,4,4,4,4,4,1,4,3,2,8,7,9,8,11,11,10,11,1,1
367,7,1,8,1,1,10,3,4,3,4,4,2,2,3,4,9,7,9,8,10,11,10,11,1,1
475,7,2,7,1,2,9,2,4,4,3,4,1,2,3,4,9,7,9,8,10,11,10,11,2,1
529,8,2,11,1,2,10,2,2,4,2,4,3,3,4,4,9,7,9,8,10,11,10,11,3,1
592,17,2,11,5,2,12,2,3,2,1,4,1,2,2,4,8,6,12,9,10,9,10,11,1,1
648,63,1,13,1,1,10,1,4,4,3,4,1,4,4,1,10,8,11,10,10,11,10,11,1,1
792,20,1,6,1,2,10,2,2,4,1,2,2,3,4,2,8,7,8,8,11,12,10,11,2,1
939,17,1,8,5,2,8,2,4,4,4,4,2,2,3,4,9,7,10,9,10,11,10,11,1,1
948,8,1,6,1,2,10,4,4,4,4,4,2,2,4,4,8,6,8,7,10,11,10,11,2,1
968,6,3,10,1,2,10,4,4,4,3,4,4,4,2,4,9,7,9,8,10,11,10,11,1,1
1026,17,2,7,1,1,11,1,4,4,3,4,4,4,4,4,9,7,10,9,10,11,10,11,1,1
1161,12,3,7,1,1,9,2,3,4,2,4,2,2,4,4,7,6,8,7,11,11,10,11,1,1
1220,11,1,7,1,1,12,1,4,4,4,2,4,4,4,4,8,6,10,9,10,11,10,11,1,1
1263,8,1,7,1,1,11,4,4,4,4,4,1,4,3,4,8,7,9,9,11,12,10,11,1,1
1289,13,1,10,1,2,9,2,3,4,1,4,1,1,4,2,8,7,9,8,11,11,10,11,2,1
1343,23,3,12,1,2,10,4,4,4,3,4,3,2,3,4,10,7,12,11,9,11,10,11,1,1
1416,26,2,14,2,1,9,1,3,3,2,4,3,4,4,4,9,7,11,8,10,9,10,11,-1,2
1513,23,3,7,1,1,10,1,1,1,1,1,1,1,1,1,-1,-1,-1,-1,-1,-1,10,11,2,1
326,13,1,9,1,2,11,2,3,4,1,4,2,1,4,2,9,8,9,8,11,11,11,11,3,1
408,7,1,6,1,1,11,2,4,4,3,4,2,2,4,4,8,7,9,9,11,12,11,11,1,1
619,13,1,8,5,1,11,1,3,2,1,4,3,4,4,2,8,7,9,8,11,11,11,11,1,1
643,16,2,9,1,1,11,4,4,4,4,4,4,4,4,4,8,7,8,7,11,11,11,11,2,1
679,4349,1,6,1,2,11,1,3,4,3,4,2,2,4,4,8,6,8,6,10,10,11,11,1,1
768,14,1,6,1,2,10,4,4,4,1,4,3,3,1,4,8,7,8,7,11,11,11,11,1,1
806,5,1,7,1,1,11,4,3,3,1,4,2,2,3,4,8,7,9,7,11,10,11,11,2,1
857,6,1,7,1,1,11,3,2,2,2,4,4,4,4,2,7,6,8,7,11,11,11,11,1,1
925,7,1,6,1,2,11,4,4,4,4,4,4,4,4,4,7,7,7,7,12,12,11,11,1,1
928,9,2,6,1,1,11,3,3,4,1,4,3,3,4,4,8,7,13,13,11,11,11,11,1,1
1165,7,1,7,1,1,12,3,2,3,2,4,1,1,4,1,8,8,8,7,12,11,11,11,2,1
1200,7,1,6,1,2,11,3,4,3,3,4,3,3,4,4,10,9,10,9,11,11,11,11,1,1
1472,16,2,6,1,2,8,3,4,4,4,4,4,4,4,4,8,7,10,9,11,11,11,11,1,1
1537,9,1,6,1,1,12,4,4,3,1,4,4,3,4,4,8,7,8,7,11,11,11,11,2,1
1133,8,3,14,1,2,9,2,4,4,2,4,4,4,2,2,13,10,13,12,8,10,5,10,1,2
1189,88,4,17,1,1,8,4,4,4,4,2,-1,4,4,4,12,6,12,6,6,6,5,10,1,1
17,10,1,15,1,1,9,2,2,4,3,4,1,3,4,4,12,7,13,11,7,10,6,10,1,1
23,2909,1,17,1,1,8,3,4,1,1,4,4,4,2,4,13,7,13,12,6,10,6,10,1,2
75,4,1,17,1,1,6,1,4,4,3,-1,3,3,3,4,11,6,13,11,7,10,6,10,1,1
150,7,1,17,2,2,6,2,4,4,3,4,4,4,4,2,11,6,11,10,7,11,6,10,1,1
318,5,1,16,1,1,7,3,3,3,3,2,2,3,4,4,13,7,13,11,6,10,6,10,1,2
350,72,2,16,1,2,10,4,4,3,2,4,1,3,4,3,11,6,11,11,7,12,6,10,1,1
500,14,1,7,5,2,7,1,2,4,3,4,1,1,1,1,10,6,-1,-1,8,-1,6,10,1,1
684,11,2,17,1,2,7,2,4,4,3,4,1,1,2,4,13,7,11,11,6,12,6,10,2,1
851,14,2,13,1,2,8,1,1,4,1,4,2,1,2,4,#NULL!,#NULL!,#NULL!,#NULL!,#NULL!,#NULL!,6,10,1,1
1075,10,1,16,1,1,7,1,3,1,4,4,1,3,4,4,10,5,12,12,7,12,6,10,1,2
1078,17,2,13,1,2,8,2,3,4,2,4,1,4,-1,4,13,6,13,13,5,10,6,10,2,3
1173,13,1,16,1,1,8,4,4,3,2,4,3,1,3,2,10,5,13,11,7,10,6,10,2,2
1397,26,2,17,1,1,7,2,2,4,1,2,2,4,3,4,11,6,12,10,7,10,6,10,1,2
1419,16,2,17,1,2,9,1,1,3,2,4,2,2,1,3,12,8,13,13,8,11,6,10,2,2
1439,25,1,15,1,1,8,4,4,1,4,4,2,4,4,4,11,6,11,9,7,10,6,10,1,1
94,9,1,16,1,2,8,3,2,2,2,4,2,2,4,3,10,6,11,10,8,11,7,10,2,1
123,12,1,15,1,2,8,4,-1,1,2,4,1,2,4,4,11,6,11,10,7,11,7,10,1,1
139,6,1,15,1,1,8,4,4,4,2,4,4,2,4,4,10,6,12,10,8,10,7,10,2,2
179,16,1,17,1,2,7,3,4,2,3,4,1,2,3,1,10,6,12,9,8,9,7,10,2,1
184,14,1,15,1,1,8,3,3,4,3,4,2,2,3,4,10,6,11,10,8,11,7,10,1,1
190,7,1,17,1,2,8,4,4,4,4,4,4,4,4,4,11,7,12,11,8,11,7,10,1,2
259,9,1,17,1,2,10,4,4,4,4,3,1,4,4,4,11,7,12,10,8,10,7,10,1,1
316,31,2,16,1,1,9,4,2,2,1,3,2,4,3,3,11,6,11,10,7,11,7,10,2,2
346,11,2,16,1,1,9,3,4,4,2,4,4,4,4,4,12,7,13,12,7,10,7,10,1,1
348,10,1,16,1,1,9,3,2,4,2,4,1,1,3,4,10,6,11,10,8,11,7,10,2,2
385,16,1,16,1,2,9,2,3,4,2,4,1,3,3,2,10,6,12,10,8,10,7,10,2,1
419,12,1,16,1,2,8,1,4,2,3,4,1,3,4,4,10,5,12,10,7,10,7,10,2,1
433,6,1,14,1,1,8,3,1,3,2,4,3,2,4,4,10,6,11,11,8,12,7,10,2,1
480,9,1,14,1,1,8,1,4,4,4,4,2,4,4,4,12,7,13,11,7,10,7,10,1,2
494,13,2,7,1,1,8,2,2,3,2,4,2,3,3,4,8,7,12,10,11,10,7,10,2,1
541,10,2,16,1,1,8,1,4,4,2,4,1,2,4,4,10,7,12,12,9,12,7,10,2,2
553,13,2,17,1,1,7,3,3,3,3,3,3,3,2,3,11,6,#NULL!,#NULL!,7,#NULL!,7,10,1,1
558,8,2,10,1,2,8,1,3,3,3,2,1,1,4,2,10,6,12,12,8,12,7,10,1,2
600,7,2,15,1,2,8,4,2,2,1,4,2,4,4,4,10,6,13,11,8,10,7,10,1,1
674,9,1,17,1,1,9,4,3,4,1,4,3,3,2,4,11,6,11,9,7,10,7,10,1,1
715,15,3,14,1,1,7,1,4,1,3,4,3,3,4,4,8,6,9,11,10,14,7,10,1,1
716,20,2,15,1,2,8,2,3,3,3,4,2,2,4,3,10,6,11,10,8,11,7,10,1,1
726,7,1,15,1,2,9,2,1,4,2,4,2,2,4,4,10,6,11,12,8,13,7,10,1,1
733,12,3,13,1,1,9,4,4,4,3,4,3,4,4,4,11,7,11,9,8,10,7,10,2,2
753,21,1,16,1,2,9,2,2,4,4,4,2,2,2,4,11,6,13,13,7,12,7,10,1,2
787,7,1,15,2,1,8,3,3,4,4,4,1,2,4,3,11,7,13,12,8,10,7,10,1,1
794,5,3,16,1,1,9,4,4,4,4,4,4,4,4,4,10,6,11,10,8,11,7,10,2,1
846,8,1,17,1,1,8,3,3,4,1,4,4,4,4,1,11,7,12,10,8,10,7,10,1,1
904,11,2,16,1,2,8,1,3,4,1,3,3,3,3,4,10,6,12,11,8,11,7,10,1,1
908,15,1,16,1,2,7,1,2,4,2,4,2,2,4,4,10,5,11,9,7,10,7,10,1,1
947,7,1,7,1,1,7,4,4,4,4,4,1,4,4,4,9,6,11,9,9,10,7,10,1,1
958,13,1,11,1,2,8,4,4,4,4,4,4,4,4,4,10,6,11,10,8,11,7,10,1,1
969,12,2,14,1,2,9,3,4,4,1,4,4,4,4,4,10,7,10,9,9,11,7,10,2,1
1006,10,1,17,1,2,8,2,2,3,1,3,2,2,4,4,11,7,12,10,8,10,7,10,1,2
1024,13,1,15,1,1,8,3,4,4,2,4,1,2,4,3,10,6,12,10,8,10,7,10,2,3
1064,8,1,11,1,2,8,2,4,2,4,4,2,2,2,3,10,6,11,9,8,10,7,10,2,1
1159,17,1,13,1,1,10,2,2,1,4,4,3,3,4,4,12,7,13,13,7,11,7,10,1,1
1193,11,2,15,1,2,8,4,4,4,3,4,2,3,4,4,9,6,10,10,9,12,7,10,2,1
1207,21,1,17,5,2,10,4,4,4,3,4,1,3,4,4,11,7,13,11,8,10,7,10,1,1
1257,56,2,6,1,1,8,1,1,3,2,-1,2,2,4,-1,#NULL!,#NULL!,#NULL!,#NULL!,#NULL!,#NULL!,7,10,2,1
1274,24,1,16,1,1,7,3,1,4,2,3,2,4,4,3,10,6,12,10,8,10,7,10,1,2
1287,1336,1,13,2,2,8,4,4,4,4,4,3,3,4,4,10,6,#NULL!,#NULL!,8,#NULL!,7,10,2,1
1326,23,2,15,1,2,10,2,3,4,3,4,1,4,4,4,10,6,10,11,8,13,7,10,2,1
1352,8,2,14,2,2,8,4,4,4,4,4,2,4,4,2,11,6,13,11,7,10,7,10,1,3
1417,17,3,15,2,1,8,1,2,4,2,4,2,3,4,2,10,6,13,12,8,10,7,10,3,1
1425,33,1,14,1,1,8,3,1,4,3,4,2,2,4,2,10,7,13,13,9,12,7,10,1,1
1447,11,1,17,1,2,8,2,2,4,2,4,3,3,3,2,10,5,11,10,7,11,7,10,1,1
1456,12,2,10,1,1,8,2,3,2,4,4,1,2,2,3,10,6,13,12,8,10,7,10,2,1
1477,10,2,15,1,2,8,3,4,4,3,4,3,4,4,4,9,6,11,11,9,12,7,10,1,1
1494,8,3,13,1,2,8,2,3,4,3,3,2,3,2,4,9,6,11,12,9,13,7,10,2,1
6,9,2,13,1,2,9,4,3,3,3,4,2,4,4,4,10,6,11,9,8,10,8,10,1,1
11,9,3,17,2,2,9,3,3,3,2,4,2,4,3,4,#NULL!,#NULL!,11,9,#NULL!,10,8,10,1,1
15,32,1,16,1,1,9,4,4,3,2,4,1,2,3,3,10,7,13,11,9,10,8,10,2,1
29,12,2,14,5,1,8,3,4,3,1,3,2,3,1,1,9,6,10,9,9,11,8,10,1,1
40,12,2,11,1,2,8,3,3,3,2,4,1,2,4,4,9,6,10,8,9,10,8,10,1,1
45,14,1,16,1,2,10,1,4,4,2,1,3,4,4,2,10,6,11,12,8,13,8,10,2,1
54,20,3,10,1,1,8,2,1,3,2,3,2,2,2,3,9,6,11,9,9,10,8,10,2,2
59,7,2,14,1,1,8,4,4,4,2,4,1,4,4,4,10,6,11,9,8,10,8,10,1,1
76,14,1,13,1,1,8,1,4,4,2,4,4,4,4,4,9,6,11,10,9,11,8,10,1,1
89,17,1,16,1,1,8,4,4,4,2,4,2,2,3,4,9,6,10,9,9,11,8,10,1,1
95,9,1,17,1,1,8,4,4,4,1,3,2,2,4,4,10,7,11,10,9,11,8,10,2,1
115,21,1,17,1,1,9,1,2,3,1,4,1,1,3,2,9,6,12,12,9,12,8,10,2,1
121,8,3,14,1,1,9,2,3,4,2,4,1,2,4,4,10,6,12,10,8,10,8,10,1,1
177,11,1,14,1,2,10,1,4,4,4,4,1,4,4,4,8,5,12,9,9,9,8,10,2,1
181,2487,2,11,1,2,8,2,4,4,3,4,4,4,4,-1,9,6,11,9,9,10,8,10,1,2
187,30,2,11,1,1,8,1,1,4,3,3,4,4,4,4,11,7,12,11,8,11,8,10,1,1
239,8,1,15,1,1,8,3,3,4,2,4,2,2,4,4,10,7,11,9,9,10,8,10,2,1
276,7,3,13,1,1,9,4,4,4,1,4,4,4,4,4,10,6,10,8,8,10,8,10,1,1
278,8,2,7,1,1,9,2,4,4,3,4,4,4,1,4,9,6,10,9,9,11,8,10,1,1
281,16,1,7,1,1,8,2,3,4,1,4,2,2,4,4,9,5,10,8,8,10,8,10,1,1
319,9,1,17,1,2,9,4,3,4,2,4,2,2,4,4,11,7,11,10,8,11,8,10,1,1
335,7,2,13,1,1,8,3,3,4,2,4,1,3,4,4,11,7,11,9,8,10,8,10,1,1
341,13,1,11,1,2,8,1,2,3,2,4,1,3,4,4,9,6,#NULL!,#NULL!,9,#NULL!,8,10,2,1
351,7,2,17,1,1,8,4,4,4,1,4,4,4,4,4,10,6,12,10,8,10,8,10,1,1
401,24,1,12,1,1,8,1,1,4,1,-1,1,1,1,1,10,7,10,8,9,10,8,10,1,1
451,8,2,17,1,1,8,2,3,2,2,2,2,2,3,4,10,6,12,10,8,10,8,10,1,1
455,1390,2,15,1,1,8,1,1,3,2,4,3,3,4,2,10,6,11,9,8,10,8,10,1,1
476,11,2,14,1,2,8,2,3,4,2,4,1,2,4,4,10,6,11,9,8,10,8,10,1,1
478,13,1,16,1,1,8,4,2,3,2,4,1,4,3,4,10,6,12,11,8,11,8,10,1,1
493,7,1,6,1,2,10,3,4,4,2,4,1,2,4,4,10,7,10,9,9,11,8,10,1,1
545,9,1,17,1,2,10,1,3,2,3,4,2,4,2,4,10,6,12,11,8,11,8,10,1,2
564,13,1,17,1,1,8,4,4,4,4,4,4,4,4,4,10,7,12,11,9,11,8,10,1,1
583,33,2,16,1,1,9,4,3,4,2,4,2,3,4,4,10,7,11,10,9,11,8,10,1,1
585,11,2,11,3,1,9,1,2,3,2,3,1,2,4,4,10,7,13,12,9,11,8,10,2,1
602,13,1,15,1,1,6,1,3,4,2,4,1,1,1,4,9,7,12,10,10,10,8,10,3,1
649,13,4,8,1,1,8,2,2,4,2,4,2,2,4,2,8,6,11,9,10,10,8,10,1,2
651,10,1,17,5,2,10,1,2,4,3,4,2,3,3,2,10,6,12,11,8,11,8,10,2,3
708,11,1,14,1,2,10,1,3,4,3,4,1,2,4,4,9,6,12,10,9,10,8,10,1,1
720,8,1,7,1,1,8,1,3,4,2,4,2,1,4,4,9,7,10,8,10,10,8,10,1,1
724,34,2,11,1,2,9,2,3,4,3,3,2,2,4,3,#NULL!,#NULL!,#NULL!,#NULL!,#NULL!,#NULL!,8,10,1,2
725,1568,2,7,1,1,9,1,2,4,2,4,2,2,4,3,8,7,10,8,11,10,8,10,1,1
773,43,2,11,1,2,8,3,3,2,4,4,1,2,4,2,11,7,12,10,8,10,8,10,1,1
803,12,1,15,1,1,8,1,4,3,4,4,4,4,3,4,9,5,10,8,8,10,8,10,1,1
822,2866,1,6,1,1,10,1,3,4,2,4,2,3,4,2,8,6,9,8,10,11,8,10,2,1
834,24,1,16,1,2,8,1,2,3,1,2,1,2,4,4,10,6,11,9,8,10,8,10,1,1
838,38,2,15,1,2,9,3,3,4,3,3,3,3,3,3,10,6,12,11,8,11,8,10,1,1
863,4,2,12,1,2,8,3,3,4,3,4,3,4,4,4,11,7,11,9,8,10,8,10,1,1
864,5,2,13,1,2,8,4,4,4,4,4,4,4,4,4,10,6,10,8,8,10,8,10,1,1
882,17,1,16,1,1,8,2,3,4,4,4,2,2,4,4,10,6,12,11,8,11,8,10,1,2
886,14,2,8,3,2,1,1,1,4,2,4,2,2,4,2,8,6,9,8,10,11,8,10,2,1
893,10,1,6,1,1,8,1,3,4,2,3,2,3,2,4,10,7,10,10,9,12,8,10,1,2
895,18,1,8,1,2,9,2,3,4,2,4,2,3,4,4,8,7,11,8,11,9,8,10,2,1
917,7,1,17,1,1,9,3,3,2,2,2,2,3,2,4,10,7,11,11,9,12,8,10,1,1
919,16,2,16,1,1,8,4,4,4,4,4,4,4,4,4,10,6,10,9,8,11,8,10,2,1
920,9,2,13,1,2,8,3,4,4,2,4,2,1,4,2,9,6,10,9,9,11,8,10,2,1
923,539,2,11,1,1,9,3,3,4,1,2,1,4,4,2,9,6,10,6,9,8,8,10,1,1
930,10,2,9,1,2,8,2,4,4,2,4,1,1,4,4,10,7,11,9,9,10,8,10,2,1
940,31,1,14,1,1,8,2,3,3,4,4,2,3,4,1,10,6,12,10,8,10,8,10,2,1
945,20,1,16,1,1,8,2,2,4,2,3,3,4,4,2,10,6,12,9,8,9,8,10,1,1
953,7,1,17,1,1,8,3,3,4,3,3,1,4,4,4,10,6,10,9,8,11,8,10,1,2
955,17,1,16,1,1,8,1,4,2,-1,4,2,2,4,2,#NULL!,#NULL!,12,11,#NULL!,11,8,10,1,1
963,15,1,13,1,2,8,2,3,4,2,4,1,2,4,3,9,7,10,9,10,11,8,10,1,1
994,16,2,14,1,1,8,4,4,4,4,4,2,-1,4,4,10,6,11,10,8,11,8,10,1,1
1015,8,2,16,1,1,8,1,1,4,3,4,1,3,4,4,9,6,12,13,9,13,8,10,2,3
1039,2812,1,13,1,1,9,1,2,3,1,2,1,2,1,2,10,6,11,9,8,10,8,10,1,1
1058,8,3,12,1,1,10,4,4,4,2,4,2,4,4,4,10,6,12,10,8,10,8,10,1,1
1067,11,3,10,2,1,8,1,4,3,3,2,2,4,2,4,8,6,9,7,10,10,8,10,2,1
1077,5,1,15,1,2,8,3,3,3,3,3,3,3,3,3,9,6,11,10,9,11,8,10,1,1
1090,9,4,12,1,2,8,4,4,1,2,4,4,4,4,4,10,6,12,10,8,10,8,10,1,1
1099,26,3,11,1,1,8,1,2,4,2,3,1,3,4,3,9,6,10,8,9,10,8,10,1,1
1117,13,2,14,1,2,10,1,1,4,2,4,2,4,4,3,8,6,10,9,10,11,8,10,1,1
1131,13,1,16,1,1,9,3,3,3,2,2,4,4,4,3,10,7,11,9,9,10,8,10,2,1
1136,18,1,12,1,1,8,1,3,4,1,4,1,2,4,3,9,7,10,10,10,12,8,10,1,1
1160,13,1,14,1,1,8,2,2,4,2,2,2,2,2,2,9,6,12,9,9,9,8,10,2,2
1210,9,1,16,1,1,10,4,3,4,2,4,4,4,4,4,10,7,12,11,9,11,8,10,1,1
1225,62,3,15,1,2,8,2,3,4,3,4,1,2,4,3,10,7,12,11,9,11,8,10,1,1
1240,13,1,10,5,1,8,3,3,2,3,4,2,2,4,4,11,7,11,10,8,11,8,10,2,1
1254,9,2,7,2,1,7,2,4,4,2,4,1,1,4,2,10,7,10,9,9,11,8,10,1,1
1276,12,1,17,1,1,8,3,2,2,2,3,2,-1,2,3,11,6,12,10,7,10,8,10,2,1
1277,23,3,6,1,1,9,1,3,4,2,4,2,4,4,4,11,6,13,10,7,9,8,10,3,1
1296,23,2,14,1,2,8,1,2,4,2,4,4,4,4,4,10,6,10,9,8,11,8,10,2,1
1305,5,1,8,1,2,9,3,4,4,4,3,4,4,3,4,9,6,#NULL!,#NULL!,9,#NULL!,8,10,1,1
1315,11,1,9,1,1,10,1,3,4,2,3,4,-1,-1,3,8,7,9,9,11,12,8,10,2,1
1328,41,1,14,5,2,9,1,4,3,2,4,2,3,2,4,10,6,10,9,8,11,8,10,1,1
1329,5,2,16,1,1,8,4,4,4,1,4,4,4,4,4,10,6,12,10,8,10,8,10,1,1
1335,9,4,14,1,2,8,4,4,4,4,4,4,2,4,4,10,6,12,10,8,10,8,10,2,1
1339,12,2,14,1,2,8,1,2,3,3,4,1,1,2,2,9,6,11,9,9,10,8,10,2,1
1349,11,2,15,1,2,8,2,1,4,3,4,3,3,3,3,10,6,10,9,8,11,8,10,1,1
1358,10,2,7,1,1,8,4,-1,1,4,4,2,2,4,4,9,6,9,7,9,10,8,10,1,1
1377,1245,1,15,1,2,8,4,4,4,4,4,1,4,2,4,10,6,12,10,8,10,8,10,2,1
1401,11,1,16,1,1,8,4,3,4,1,4,2,4,4,4,9,6,11,9,9,10,8,10,1,2
1418,8,1,16,1,2,9,2,2,3,2,4,3,3,4,3,10,6,13,12,8,11,8,10,1,2
1453,21,2,16,1,1,8,2,3,4,4,4,3,3,4,4,10,7,10,8,9,10,8,10,2,1
1457,29,1,16,1,1,9,2,2,3,3,4,3,3,2,1,9,6,11,13,9,14,8,10,2,1
1460,27,1,15,1,2,9,1,4,4,3,4,4,4,4,4,10,7,11,10,9,11,8,10,2,1
1471,10,1,11,2,2,10,3,3,4,2,4,2,3,4,4,10,7,11,11,9,12,8,10,2,1
1510,26,2,13,1,2,9,4,3,4,1,4,2,1,4,4,10,7,10,9,9,11,8,10,1,1
1522,13,2,14,1,1,11,2,2,3,1,2,1,1,2,2,10,7,11,9,9,10,8,10,1,2
1524,26,1,17,1,2,8,1,3,4,3,4,3,4,4,4,10,6,12,10,8,10,8,10,2,1
1530,119,1,13,1,2,6,1,2,4,3,4,2,2,4,-1,9,7,11,10,10,11,8,10,2,1
2,10462,1,8,1,1,9,1,3,4,2,4,2,2,4,4,9,7,12,10,10,10,9,10,1,1
5,9,1,9,1,1,9,2,4,4,3,4,1,2,3,4,9,6,10,8,9,10,9,10,1,1
21,10,2,7,1,1,10,1,1,4,1,1,2,4,4,4,8,6,10,9,10,11,9,10,1,1
83,10,2,13,1,1,10,2,3,4,1,2,1,4,4,2,10,8,11,9,10,10,9,10,2,1
88,8833,2,7,1,2,10,4,4,3,3,4,1,2,4,4,9,7,9,9,10,12,9,10,1,1
100,76,1,8,1,1,8,1,1,3,3,2,1,1,4,4,8,7,10,9,11,11,9,10,3,1
129,5,1,11,1,2,8,3,3,3,4,4,2,2,4,4,9,7,10,7,10,9,9,10,2,1
154,15,1,6,1,2,11,3,4,4,1,4,2,1,4,4,9,8,11,9,11,10,9,10,2,2
159,8,1,10,1,2,9,4,4,4,2,4,2,4,4,4,10,8,10,9,10,11,9,10,2,1
178,6,2,7,1,1,9,2,4,4,1,3,3,4,2,3,9,6,10,8,9,10,9,10,1,2
194,12,1,16,2,1,9,3,4,4,1,4,1,4,2,4,10,7,12,10,9,10,9,10,1,1
232,42,1,8,1,1,9,2,2,4,2,4,2,4,4,4,9,6,9,8,9,11,9,10,1,1
241,11,4,11,1,1,9,1,3,3,2,3,3,3,4,2,9,7,10,8,10,10,9,10,1,1
242,1424,1,12,1,2,10,4,4,4,2,4,2,2,2,4,9,7,11,9,10,10,9,10,2,1
257,6,2,6,1,2,8,2,3,3,3,4,1,1,4,3,9,7,10,8,10,10,9,10,1,1
268,7,1,9,1,2,8,2,2,2,2,3,2,3,3,4,9,7,10,8,10,10,9,10,2,1
294,11,1,6,1,1,10,3,3,4,4,4,1,1,4,3,9,7,9,9,10,12,9,10,2,1
303,8,1,7,1,2,9,4,4,4,1,4,4,4,4,4,8,6,9,8,10,11,9,10,1,1
306,6,1,7,1,1,10,4,4,4,2,4,4,3,4,4,8,6,9,7,10,10,9,10,2,1
307,3545,2,8,1,2,9,4,4,4,4,4,4,-1,4,4,9,6,10,8,9,10,9,10,1,1
320,15,2,11,1,1,10,4,3,2,1,4,1,2,4,1,9,7,10,9,10,11,9,10,1,1
329,12,2,16,1,1,9,2,4,4,4,4,1,2,3,3,11,8,12,10,9,10,9,10,2,2
339,6,1,8,1,2,9,4,4,4,4,4,4,4,4,4,9,7,9,8,10,11,9,10,1,1
340,10,2,12,1,2,9,2,2,3,1,3,2,2,1,2,9,6,10,8,9,10,9,10,2,2
344,18,2,11,1,1,8,4,4,4,2,4,4,4,4,2,9,6,10,9,9,11,9,10,1,1
362,58,1,11,2,1,9,4,4,4,2,4,2,2,4,4,8,7,11,9,11,10,9,10,2,1
363,7,2,10,1,2,10,3,4,4,4,4,4,4,4,4,9,6,11,9,9,10,9,10,1,1
389,8776,2,6,1,2,10,2,2,2,2,3,1,1,2,1,7,6,8,10,11,14,9,10,2,1
392,7,2,11,1,2,9,2,2,2,3,4,2,2,4,4,9,6,11,9,9,10,9,10,2,1
395,11,2,10,1,1,9,4,4,3,2,4,2,4,4,4,9,7,11,9,10,10,9,10,1,1
435,20,1,13,1,2,10,4,4,4,4,4,1,1,4,4,9,7,10,10,10,12,9,10,2,1
450,15,3,13,1,1,10,2,2,4,2,2,2,4,4,-1,9,6,9,8,9,11,9,10,2,1
515,10,2,11,1,1,9,2,3,3,1,2,2,2,4,4,9,7,10,8,10,10,9,10,2,2
520,5,3,12,1,2,9,3,2,4,2,4,1,4,4,4,9,6,9,7,9,10,9,10,1,1
542,22,1,17,1,1,9,1,1,3,3,4,2,3,3,4,9,6,11,10,9,11,9,10,1,1
567,27,1,14,1,2,9,1,2,4,3,4,2,2,4,4,9,6,13,11,9,10,9,10,2,1
577,8,1,7,5,1,9,2,4,4,3,4,3,3,4,4,9,7,10,10,10,12,9,10,1,1
596,10,1,17,1,2,8,4,4,4,1,4,1,3,4,4,9,6,11,9,9,10,9,10,1,1
625,12,1,7,1,2,10,1,2,2,2,3,2,2,4,3,9,7,10,9,10,11,9,10,2,1
641,22,1,8,1,1,9,3,3,4,3,4,2,1,4,4,9,7,10,8,10,10,9,10,1,1
682,1507,2,12,1,1,10,2,3,3,1,4,3,4,4,4,10,7,10,9,9,11,9,10,1,1
685,19,1,11,1,2,10,2,2,4,2,4,3,3,4,4,9,7,10,9,10,11,9,10,1,1
691,8,2,7,1,2,9,4,4,4,3,4,4,4,4,4,10,7,10,8,9,10,9,10,1,1
744,10,2,8,1,2,10,2,3,3,2,4,2,1,3,3,8,6,9,7,10,10,9,10,1,1
745,14,1,7,1,2,10,1,2,3,3,4,2,2,3,4,10,7,12,9,9,9,9,10,2,1
748,8,1,10,1,1,10,1,3,1,1,-1,1,1,4,-1,9,7,10,8,10,10,9,10,2,2
816,10,2,14,1,2,8,3,3,4,3,4,2,2,4,4,8,6,10,8,10,10,9,10,2,1
830,14,2,10,1,2,9,1,4,4,4,4,1,2,4,4,9,7,11,10,10,11,9,10,2,1
847,15,1,6,1,2,9,2,2,3,3,3,1,1,3,3,8,7,9,8,11,11,9,10,1,1
892,17,1,6,1,1,8,3,3,2,3,4,1,1,4,2,9,6,9,7,9,10,9,10,2,1
894,7,1,9,1,2,9,4,4,3,1,4,3,3,4,3,10,7,11,9,9,10,9,10,1,1
898,27,1,13,1,2,8,4,4,4,4,4,4,4,4,4,9,6,9,6,9,9,9,10,2,1
911,13,1,13,1,2,9,3,3,4,3,4,2,4,4,4,10,7,11,10,9,11,9,10,1,1
914,10,2,12,1,2,9,3,3,3,3,4,2,3,2,2,10,7,11,10,9,11,9,10,2,1
980,10,2,11,1,2,10,3,3,2,2,4,2,4,4,4,9,7,9,8,10,11,9,10,1,1
987,9,2,6,1,2,10,2,3,2,2,3,1,2,3,4,9,7,#NULL!,#NULL!,10,#NULL!,9,10,2,3
1001,6,2,14,1,2,8,3,3,4,3,3,2,3,4,4,9,7,9,8,10,11,9,10,1,1
1014,7,2,16,1,2,9,4,4,4,4,4,4,4,2,4,9,6,10,9,9,11,9,10,1,1
1016,21,2,12,1,2,8,4,4,4,4,4,3,4,4,2,8,6,10,9,10,11,9,10,2,1
1055,7,5,15,1,2,9,1,1,4,1,2,2,1,4,4,9,6,11,9,9,10,9,10,1,1
1061,5,1,15,1,1,9,2,3,3,2,2,3,3,2,4,10,7,12,11,9,11,9,10,3,2
1065,9,3,9,1,2,9,4,4,4,3,4,4,4,4,4,9,6,9,7,9,10,9,10,1,1
1123,25,2,8,5,2,9,4,4,4,1,4,4,4,4,4,9,6,9,7,9,10,9,10,1,1
1130,12,3,11,1,1,8,1,4,4,4,4,1,4,4,4,8,7,9,7,11,10,9,10,2,1
1143,20,1,9,1,2,9,1,3,2,2,2,1,2,4,4,9,7,9,8,10,11,9,10,1,1
1154,8,2,11,1,2,9,4,4,4,4,4,1,4,4,4,10,7,11,9,9,10,9,10,1,1
1166,9,2,6,1,1,9,2,2,4,4,4,3,4,4,3,8,6,10,8,10,10,9,10,2,1
1198,12,2,8,1,2,8,4,3,3,3,3,2,3,3,3,9,6,10,8,9,10,9,10,1,1
1201,19,1,11,5,1,9,4,3,4,3,4,1,1,4,4,9,6,10,8,9,10,9,10,2,1
1218,7,4,11,1,1,10,3,4,4,3,3,4,4,4,4,9,6,9,7,9,10,9,10,1,1
1237,17,1,11,1,1,9,1,1,4,3,4,2,4,4,4,9,7,10,8,10,10,9,10,1,1
1258,7,1,12,1,1,8,2,3,4,2,4,2,2,4,4,9,7,10,9,10,11,9,10,2,1
1265,22,1,10,1,2,10,2,4,4,3,4,4,3,2,2,#NULL!,#NULL!,10,8,#NULL!,10,9,10,1,1
1310,11,2,16,1,1,10,4,4,4,4,4,3,1,4,-1,9,7,11,9,10,10,9,10,1,2
1313,14,2,15,1,1,9,4,4,4,3,4,4,4,4,4,10,7,11,10,9,11,9,10,2,1
1370,11,2,16,1,1,10,4,4,3,1,4,4,4,2,3,10,8,10,9,10,11,9,10,1,1
1375,27,3,8,1,1,9,3,3,3,2,4,3,1,3,4,9,6,9,7,9,10,9,10,3,2
1386,16,1,12,1,1,10,3,4,4,4,4,4,4,4,4,10,7,11,9,9,10,9,10,1,1
1403,16,1,6,1,1,10,3,2,4,1,4,2,4,4,2,9,7,9,8,10,11,9,10,2,1
1405,13,3,7,1,1,10,2,3,4,3,4,4,3,4,3,10,6,11,8,8,9,9,10,2,1
1427,11,2,12,1,2,10,4,1,4,4,4,4,4,4,4,9,7,10,8,10,10,9,10,1,1
1451,7,3,15,1,1,9,1,1,3,3,3,2,2,4,4,8,6,8,7,10,11,9,10,1,2
1486,7,1,6,1,1,10,1,1,3,2,4,1,1,4,4,8,6,10,8,10,10,9,10,1,2
1543,32,1,14,1,1,10,1,1,4,2,4,2,2,4,4,9,6,11,9,9,10,9,10,1,1
7,44,1,7,1,2,10,4,4,4,4,2,4,4,4,2,8,7,8,7,11,11,10,10,2,1
20,7,2,10,1,1,10,3,3,4,2,4,1,2,4,3,9,7,10,8,10,10,10,10,1,1
33,11,3,6,1,2,10,4,4,4,2,4,2,4,4,4,8,7,9,7,11,10,10,10,1,1
35,12,2,12,1,2,10,3,1,4,1,4,1,3,4,4,9,7,10,8,10,10,10,10,2,1
44,5,1,9,1,2,8,4,4,4,4,4,4,4,4,4,9,7,10,8,10,10,10,10,1,1
46,8,7,13,1,1,9,4,4,4,1,4,4,4,4,1,11,9,12,10,10,10,10,10,1,2
58,5,1,11,1,2,10,3,3,3,1,3,2,3,3,3,9,8,10,8,11,10,10,10,1,1
69,8858,2,7,1,1,10,3,3,2,2,3,2,3,3,2,8,7,9,7,11,10,10,10,1,1
80,11,2,8,1,2,10,1,4,4,1,4,2,4,4,4,9,7,10,8,10,10,10,10,1,1
141,9,1,6,1,2,10,1,4,4,4,4,2,4,4,4,7,6,8,6,11,10,10,10,1,1
146,11700,1,6,1,1,9,3,4,4,3,4,3,4,4,4,9,8,10,9,11,11,10,10,1,1
147,11,1,6,1,2,10,4,4,4,3,4,4,3,4,4,9,7,9,8,10,11,10,10,1,1
174,8597,3,10,1,1,10,3,3,4,1,2,2,1,1,2,9,8,10,8,11,10,10,10,2,1
197,5,3,7,1,1,11,1,4,4,1,4,1,4,4,4,8,6,8,6,10,10,10,10,1,1
213,6,2,12,1,1,10,4,2,4,4,4,2,4,3,4,9,7,11,9,10,10,10,10,1,1
220,11,2,6,1,1,10,3,3,3,1,4,4,2,4,4,8,7,8,7,11,11,10,10,1,1
224,6,1,7,1,1,9,1,3,4,1,4,4,4,4,4,9,7,9,7,10,10,10,10,2,1
252,7,2,12,1,1,10,2,2,3,1,4,4,4,4,3,8,7,8,7,11,11,10,10,1,1
267,10642,1,11,1,1,8,4,4,2,2,2,3,3,2,3,10,8,10,8,10,10,10,10,1,1
331,7,2,11,1,1,9,3,3,4,1,4,2,2,2,2,9,7,10,8,10,10,10,10,2,1
396,11,3,10,1,1,10,4,3,4,4,4,4,4,3,4,9,7,9,7,10,10,10,10,2,1
403,28,3,9,1,1,8,4,4,4,3,4,1,2,4,4,#NULL!,#NULL!,#NULL!,#NULL!,#NULL!,#NULL!,10,10,2,1
405,7,1,7,1,1,10,3,4,4,3,4,3,3,3,3,8,6,9,7,10,10,10,10,1,1
413,11,1,6,1,1,10,4,4,4,4,4,3,4,4,3,9,7,9,7,10,10,10,10,1,1
420,9,1,7,1,2,11,4,4,4,4,4,4,4,4,4,8,7,8,7,11,11,10,10,2,1
427,13,1,11,5,2,12,1,2,2,2,3,1,1,2,4,8,7,9,8,11,11,10,10,2,1
454,23,4,8,2,2,10,4,3,4,2,4,3,4,4,4,7,6,8,7,11,11,10,10,1,1
470,6,2,8,1,2,10,4,4,4,3,4,1,4,4,4,8,6,8,7,10,11,10,10,1,1
508,13,1,6,1,1,9,4,4,2,3,4,2,4,3,2,8,7,8,7,11,11,10,10,2,1
513,7,1,11,1,2,10,2,3,3,2,3,1,1,4,3,#NULL!,#NULL!,10,8,#NULL!,10,10,10,1,1
524,168,2,8,1,2,11,3,4,3,2,4,3,3,1,4,8,7,9,7,11,10,10,10,2,1
551,10,2,8,1,1,10,1,3,4,1,4,4,4,3,2,8,7,8,7,11,11,10,10,1,1
575,9,1,6,1,1,10,3,3,4,2,3,2,4,4,2,8,7,8,7,11,11,10,10,2,1
609,13,1,11,1,1,8,2,2,2,2,3,2,3,4,1,9,7,10,8,10,10,10,10,1,1
610,7,1,12,1,1,10,2,4,4,4,4,1,1,4,4,8,6,9,5,10,8,10,10,2,1
617,28,1,13,1,2,8,4,2,3,2,4,3,3,2,4,9,7,11,9,10,10,10,10,1,1
628,5,1,8,1,2,10,2,4,3,2,4,2,3,4,2,8,7,9,8,11,11,10,10,1,1
634,81,1,9,1,2,11,3,3,3,3,3,2,3,4,3,8,7,#NULL!,#NULL!,11,#NULL!,10,10,3,1
694,9,2,10,1,1,10,1,3,3,3,4,1,3,3,3,10,8,11,10,10,11,10,10,1,1
746,6,1,7,1,1,10,4,4,2,2,4,2,1,4,2,8,6,9,7,10,10,10,10,1,1
770,6,1,7,1,2,10,2,4,4,2,3,2,4,4,4,8,7,9,9,11,12,10,10,2,1
779,9,2,12,1,1,8,4,4,4,4,4,3,4,4,4,8,7,10,8,11,10,10,10,2,1
788,7,1,6,1,2,10,3,3,3,3,4,3,3,4,4,8,6,9,7,10,10,10,10,1,1
835,12,2,6,1,1,10,2,3,3,2,4,2,2,4,2,6,5,8,6,11,10,10,10,2,2
836,6,1,7,1,2,10,2,4,4,2,4,4,2,4,4,9,7,9,9,10,12,10,10,1,1
860,7,1,10,1,2,10,4,4,3,2,4,1,2,4,4,8,6,8,7,10,11,10,10,2,1
865,8,1,8,1,2,10,3,4,3,1,4,3,3,4,3,8,7,8,7,11,11,10,10,1,1
873,17,1,7,1,2,10,3,3,4,2,3,3,2,4,3,8,7,10,9,11,11,10,10,1,1
900,8,1,7,1,2,10,3,4,4,2,3,3,3,4,4,8,6,8,6,10,10,10,10,1,1
910,9,2,8,1,1,12,4,4,4,3,4,2,2,4,4,8,7,9,8,11,11,10,10,1,1
915,6,3,6,1,2,10,2,4,4,4,4,4,4,4,4,8,7,9,8,11,11,10,10,1,1
927,27,1,8,1,2,9,2,4,-1,3,4,4,4,4,4,8,7,9,7,11,10,10,10,1,1
931,34,2,6,1,1,10,4,4,4,2,4,3,1,4,3,9,7,10,8,10,10,10,10,2,1
1007,9,1,6,1,1,10,2,4,3,3,4,4,-1,4,3,8,6,11,10,10,11,10,10,1,1
1009,6,2,10,1,1,10,4,4,4,4,4,3,3,4,4,8,6,9,7,10,10,10,10,1,1
1054,10,2,7,1,2,10,4,4,4,2,4,4,4,2,3,9,7,9,7,10,10,10,10,2,1
1108,6,2,9,1,1,10,4,4,4,4,4,3,4,4,4,8,7,10,8,11,10,10,10,2,1
1115,12,2,6,1,2,11,3,3,4,3,2,4,4,4,2,7,6,7,6,11,11,10,10,3,1
1119,24,2,9,1,1,10,3,3,3,1,3,2,2,3,4,8,6,9,7,10,10,10,10,1,1
1126,6,1,7,1,2,10,4,4,4,3,4,4,4,4,4,8,7,8,7,11,11,10,10,2,1
1134,32,1,7,1,1,10,1,4,4,4,4,4,4,4,4,8,6,9,7,10,10,10,10,1,1
1140,10,2,7,1,1,10,2,2,2,3,3,2,4,2,4,8,6,9,7,10,10,10,10,1,1
1194,6,1,10,1,2,10,3,3,3,2,4,4,3,3,3,9,7,9,7,10,10,10,10,2,1
1202,20,2,9,1,2,10,3,2,4,2,4,2,3,3,4,8,6,9,7,10,10,10,10,1,1
1204,13,2,9,1,2,10,2,4,4,4,4,4,4,4,4,8,6,10,10,10,12,10,10,1,1
1208,7,2,6,1,1,9,3,4,4,4,4,4,4,4,4,9,8,10,8,11,10,10,10,1,1
1234,11,1,9,1,2,10,3,4,4,2,4,1,4,4,4,#NULL!,#NULL!,9,8,#NULL!,11,10,10,2,1
1268,10,2,7,1,1,9,4,3,4,2,4,1,3,2,2,8,7,9,7,11,10,10,10,1,1
1300,5,5,10,1,2,11,3,3,3,2,4,4,2,2,4,9,7,11,8,10,9,10,10,2,1
1334,13,1,9,1,2,10,4,4,4,4,4,4,4,4,4,8,6,10,8,10,10,10,10,1,1
1351,6,2,10,1,2,10,3,2,4,4,2,4,4,4,4,9,7,9,7,10,10,10,10,1,1
1360,10,1,7,1,2,8,1,3,2,3,4,1,1,2,4,8,7,9,7,11,10,10,10,1,1
1380,26,1,8,1,1,9,1,2,4,2,3,1,3,4,3,8,6,9,7,10,10,10,10,1,1
1404,6,1,8,1,2,11,3,3,4,1,4,2,4,4,3,9,8,9,8,11,11,10,10,3,1
1413,6,1,7,1,2,10,3,2,4,4,4,1,2,3,4,8,7,10,9,11,11,10,10,2,1
1432,10,1,9,1,2,10,4,4,3,1,4,2,4,4,1,9,7,10,8,10,10,10,10,1,1
1433,8,3,8,1,2,9,4,4,4,2,4,1,1,4,4,9,8,10,9,11,11,10,10,1,1
1436,11,1,6,1,1,10,1,4,4,3,4,3,2,4,1,9,7,#NULL!,#NULL!,10,#NULL!,10,10,1,1
1438,19,2,6,1,1,10,1,4,2,2,2,3,3,4,4,7,6,9,7,11,10,10,10,2,1
1487,19,2,8,5,2,10,1,3,4,1,4,4,4,4,4,9,7,11,10,10,11,10,10,1,1
1492,29,1,9,1,1,9,2,1,3,3,4,1,3,4,4,8,7,11,10,11,11,10,10,1,1
1502,7,1,6,1,1,10,2,2,3,3,4,1,1,3,4,7,6,8,6,11,10,10,10,2,1
1531,5,2,13,1,2,8,2,1,3,4,4,2,4,2,4,8,6,9,8,10,11,10,10,2,1
1540,8,2,9,1,1,10,2,3,4,1,2,2,4,4,2,8,7,9,8,11,11,10,10,2,1
106,14,1,10,5,1,8,2,4,4,4,4,2,4,3,4,9,7,11,9,10,10,11,10,2,1
370,10,1,6,1,2,11,4,4,4,4,4,3,4,4,4,8,7,9,7,11,10,11,10,2,1
790,10,1,7,1,2,9,1,4,4,4,4,1,1,4,1,9,8,11,10,11,11,11,10,1,1
1167,30,1,17,1,1,7,2,2,4,4,4,2,2,4,4,9,7,11,9,10,10,11,10,2,1
458,1549,1,6,1,2,9,3,4,3,3,4,4,4,3,4,9,8,9,8,11,11,-1,9,1,1
13,9,1,17,1,2,8,4,4,4,1,4,4,4,4,4,12,6,13,10,6,9,5,9,2,3
10,39,1,14,1,1,8,3,3,4,3,4,3,2,4,3,11,7,13,10,8,9,6,9,1,2
122,17,1,15,1,1,8,4,4,4,3,4,2,1,4,4,13,7,13,10,6,9,6,9,2,1
388,68,3,16,1,2,7,3,2,3,2,4,1,1,3,1,11,6,11,10,7,11,6,9,2,1
534,280,2,16,1,2,8,4,4,3,4,4,1,3,3,4,11,7,12,11,8,11,6,9,1,2
615,11,4,15,1,1,9,4,4,4,4,4,4,2,3,4,11,6,13,13,7,10,6,9,1,2
901,15,3,17,1,2,8,2,3,3,4,4,2,4,3,2,11,6,11,10,7,11,6,9,2,1
978,33,1,15,1,2,8,4,3,4,2,3,3,3,3,2,10,5,12,10,7,10,6,9,1,3
1501,13,3,17,1,1,8,1,4,4,4,4,2,4,2,4,10,7,11,11,9,12,6,9,2,1
55,8,1,17,1,2,6,4,4,4,4,4,1,2,4,4,10,7,12,10,9,10,7,9,1,1
73,7,1,17,1,2,8,3,3,4,2,3,2,3,2,4,10,6,11,8,8,9,7,9,1,2
90,53,1,17,1,1,5,3,3,3,2,4,4,4,4,4,12,8,12,8,8,8,7,9,2,1
120,15,2,17,1,1,8,4,4,3,4,4,1,3,2,4,11,7,13,10,8,9,7,9,2,2
149,55,3,17,1,1,8,2,3,4,4,4,2,4,4,4,10,6,13,13,8,11,7,9,1,1
160,9437,1,15,1,1,7,2,4,3,3,4,4,4,4,4,10,6,10,8,8,10,7,9,1,1
168,8616,3,15,1,2,8,2,3,4,2,3,2,2,2,3,9,6,13,10,9,9,7,9,3,2
205,7,1,14,1,2,8,1,2,4,3,4,4,3,4,4,10,7,12,11,9,11,7,9,2,1
223,9,1,14,1,2,7,2,1,4,4,4,1,2,4,4,11,7,12,10,8,10,7,9,2,1
251,6,2,15,1,2,8,3,3,3,3,3,3,3,3,3,10,6,10,9,8,11,7,9,2,1
253,6,1,17,1,1,10,1,3,4,1,3,1,4,2,4,11,6,12,10,7,10,7,9,2,3
286,6,1,17,1,1,9,4,3,4,2,4,1,4,4,4,11,6,13,11,7,10,7,9,2,2
295,7,1,7,1,2,9,3,2,4,2,4,4,4,4,-1,10,6,10,9,8,11,7,9,1,1
298,14,1,16,1,2,6,4,4,2,1,4,1,3,4,4,12,7,13,10,7,9,7,9,1,2
349,7,2,17,1,1,8,2,4,4,3,4,3,3,4,4,11,6,12,9,7,9,7,9,1,2
366,173,2,17,1,2,7,4,1,3,3,4,1,2,1,4,11,7,12,11,8,11,7,9,1,1
400,27,1,15,1,2,9,3,4,2,3,4,2,4,2,4,10,5,13,11,7,10,7,9,1,1
442,8,1,16,1,1,8,4,2,4,3,4,2,3,3,4,11,6,11,8,7,9,7,9,2,2
466,65,2,16,1,2,7,4,4,3,4,-1,2,4,2,4,11,7,10,8,8,10,7,9,2,1
504,11,1,17,5,2,9,4,3,2,1,2,2,2,4,-1,11,7,12,10,8,10,7,9,2,1
540,26,1,17,5,1,8,3,3,3,1,2,3,3,4,3,10,6,#NULL!,#NULL!,8,#NULL!,7,9,1,3
554,12,1,16,2,2,8,4,4,4,4,4,3,3,1,4,10,6,11,9,8,10,7,9,1,1
557,22,2,14,1,2,8,1,2,2,3,4,1,2,2,2,10,6,12,11,8,11,7,9,2,1
671,16,1,15,1,2,8,2,4,4,4,4,1,2,4,4,10,5,12,11,7,11,7,9,2,1
714,111,3,7,1,2,8,1,2,4,2,4,1,2,4,4,9,6,#NULL!,#NULL!,9,#NULL!,7,9,1,1
760,8,1,17,1,2,8,1,4,4,2,4,1,3,4,4,10,6,11,10,8,11,7,9,1,2
801,8,2,15,1,1,10,2,4,4,3,4,4,4,4,4,11,7,12,9,8,9,7,9,1,2
861,17,1,17,1,1,8,4,4,4,2,4,1,2,4,4,12,7,13,11,7,9,7,9,1,3
884,14,2,9,1,2,7,3,4,3,2,2,3,3,2,2,8,5,12,9,9,9,7,9,1,1
979,7,2,17,1,1,7,2,4,3,4,4,1,2,4,4,10,6,10,8,8,10,7,9,1,1
985,16,3,11,1,2,8,3,4,2,4,4,2,3,4,3,9,6,12,10,9,10,7,9,1,1
1043,6,1,15,1,1,7,2,1,4,2,4,2,3,2,2,9,6,10,7,9,9,7,9,1,2
1045,8,2,14,3,2,7,4,4,4,2,4,3,3,4,4,11,6,11,9,7,10,7,9,1,1
1060,16,3,14,1,1,8,2,2,3,2,4,2,2,4,3,10,5,11,9,7,10,7,9,2,1
1097,46,1,16,1,2,8,3,3,4,1,4,2,3,3,2,11,7,11,9,8,10,7,9,1,1
1116,345,1,15,1,2,8,3,3,4,3,4,2,4,4,4,11,6,10,9,7,11,7,9,3,1
1229,9,1,17,1,1,8,4,2,4,2,4,4,4,4,4,12,8,13,10,8,8,7,9,1,1
1247,49,2,6,5,1,8,1,3,4,2,4,2,1,3,2,10,6,12,11,8,11,7,9,1,2
1256,16,1,17,1,2,8,1,1,3,1,2,2,1,2,1,10,7,10,9,9,11,7,9,2,1
1298,11,3,17,1,2,8,4,4,4,4,3,4,4,4,4,11,6,11,9,7,10,7,9,1,1
1324,13,1,17,1,1,7,3,2,4,4,4,2,4,4,3,10,6,13,10,8,9,7,9,1,1
1346,14,2,11,1,1,8,3,3,3,3,3,2,3,2,3,10,6,11,11,8,12,7,9,2,1
1381,19,3,14,1,2,8,1,3,4,3,4,2,4,1,3,10,6,11,8,8,9,7,9,2,1
1382,24,1,15,1,1,8,2,3,4,2,3,1,2,4,2,9,7,11,9,10,10,7,9,1,2
1444,14,1,13,1,1,7,1,1,4,1,1,4,4,2,-1,8,5,11,9,9,10,7,9,2,1
1505,10,1,13,1,2,6,2,4,2,3,3,2,3,4,3,10,6,12,9,8,9,7,9,1,2
14,6,1,8,1,2,8,3,3,4,4,4,2,4,2,4,10,6,12,9,8,9,8,9,1,1
18,10,1,17,1,2,8,4,4,4,1,2,2,3,4,4,11,8,13,11,9,10,8,9,1,1
39,10,3,14,1,2,10,-1,3,3,3,4,3,4,4,-1,9,6,10,9,9,11,8,9,1,1
51,6,1,16,1,1,8,3,3,4,3,3,4,3,3,3,10,6,11,9,8,10,8,9,1,1
62,8,2,17,1,1,8,3,3,4,1,4,2,4,4,4,11,7,12,9,8,9,8,9,1,1
79,10,1,10,1,1,1,2,3,4,4,4,2,3,4,4,9,7,11,8,10,9,8,9,1,1
136,15,1,15,2,2,6,2,2,2,2,4,1,2,2,2,9,6,12,10,9,10,8,9,2,1
137,11,2,12,1,1,9,2,4,4,4,4,3,4,4,4,10,7,12,10,9,10,8,9,1,2
152,10,1,15,1,2,9,2,2,4,3,2,2,2,3,4,10,6,12,10,8,10,8,9,2,2
153,11,1,12,1,1,8,3,3,4,1,4,2,2,4,4,10,7,10,8,9,10,8,9,1,1
212,34,2,11,1,2,10,4,3,4,1,4,2,2,3,1,11,8,12,11,9,11,8,9,2,1
262,4,2,13,1,2,8,3,3,4,2,4,2,4,3,4,9,6,10,7,9,9,8,9,1,1
266,8,2,9,1,1,9,3,3,3,3,4,3,3,4,4,9,6,9,7,9,10,8,9,1,1
269,12,1,16,1,1,8,4,4,4,1,4,4,4,2,4,9,6,10,8,9,10,8,9,1,1
273,7,2,10,1,2,8,3,3,4,3,4,2,2,2,4,9,6,10,9,9,11,8,9,1,1
274,5,2,10,1,2,10,2,4,4,1,4,4,4,4,4,9,6,9,8,9,11,8,9,3,1
285,30,3,13,1,1,8,2,4,4,4,4,2,4,2,4,11,7,12,9,8,9,8,9,1,1
291,10,1,11,1,2,8,3,3,4,2,4,3,3,4,-1,9,7,10,9,10,11,8,9,3,1
302,9,2,9,1,1,8,4,4,2,2,4,4,4,4,4,9,7,11,9,10,10,8,9,3,1
309,5,2,15,1,1,9,3,3,4,2,4,2,4,4,4,10,6,10,7,8,9,8,9,2,1
321,9153,2,12,1,2,8,1,2,3,2,4,2,1,3,3,8,7,9,8,11,11,8,9,2,1
343,6,1,6,1,1,8,4,4,4,4,4,4,4,4,4,9,7,9,8,10,11,8,9,2,1
372,8455,2,13,1,1,8,1,2,3,2,2,2,2,3,2,10,7,10,7,9,9,8,9,2,1
375,9,2,15,1,1,8,3,2,4,3,4,2,2,3,4,9,5,11,8,8,9,8,9,1,1
383,8,1,16,1,1,8,1,4,2,1,4,4,4,4,4,10,7,11,9,9,10,8,9,1,1
394,5,1,12,1,2,10,2,4,4,2,4,2,3,4,4,9,6,10,10,9,12,8,9,1,1
448,7,1,13,1,2,9,4,4,4,1,4,2,4,3,4,10,7,13,11,9,10,8,9,1,2
462,10,2,13,1,1,9,3,3,3,4,4,1,1,4,4,10,6,10,8,8,10,8,9,1,1
464,20,3,13,1,1,8,1,1,4,1,2,3,4,4,4,9,6,11,8,9,9,8,9,1,1
474,6,2,11,1,2,9,4,4,3,2,4,3,2,3,2,9,7,10,8,10,10,8,9,3,1
509,11,2,12,1,1,9,4,4,2,4,4,4,4,4,4,10,7,11,8,9,9,8,9,2,1
510,9,1,15,1,1,9,4,4,4,1,4,2,2,4,4,10,6,12,10,8,10,8,9,1,1
517,7,1,15,1,1,8,1,1,3,2,3,2,2,1,2,10,7,10,8,9,10,8,9,2,1
556,14,1,16,1,1,8,4,4,4,1,4,4,4,4,4,10,7,11,9,9,10,8,9,2,1
568,114,2,13,1,1,8,2,3,2,2,4,1,2,1,4,9,7,11,9,10,10,8,9,2,1
571,9,1,8,1,1,8,3,3,4,2,4,2,2,2,2,9,7,10,8,10,10,8,9,1,1
587,9,1,12,2,1,9,2,2,3,2,3,2,2,3,3,10,7,12,11,9,11,8,9,2,2
594,6,1,15,1,1,8,3,3,3,1,4,1,4,4,4,10,7,12,9,9,9,8,9,2,2
606,8,2,14,2,2,7,4,4,1,4,4,1,1,3,4,9,6,11,10,9,11,8,9,1,2
608,7,1,14,1,1,6,4,4,4,4,4,1,4,4,4,9,6,11,10,9,11,8,9,2,1
629,17,3,11,1,2,8,3,4,3,4,4,1,3,4,4,9,6,10,8,9,10,8,9,2,1
632,8,2,11,1,1,8,2,4,4,3,4,2,3,4,4,10,6,11,8,8,9,8,9,1,1
640,5499,1,16,1,2,10,1,3,4,4,2,2,2,2,4,10,6,10,7,8,9,8,9,1,1
687,21,2,12,1,2,8,1,3,3,1,4,1,1,3,1,9,7,11,10,10,11,8,9,2,1
701,18,1,15,1,2,8,3,3,3,3,3,2,3,3,2,9,7,11,9,10,10,8,9,1,1
707,15,1,14,1,2,8,4,3,4,3,4,1,4,4,-1,9,6,11,9,9,10,8,9,1,1
710,11,1,12,2,2,8,2,1,4,4,4,2,3,1,3,9,6,11,10,9,11,8,9,2,2
712,16,1,8,1,1,8,3,3,4,4,4,2,2,4,3,8,7,9,8,11,11,8,9,2,1
741,8,1,15,1,1,9,3,4,3,1,4,3,3,4,2,10,6,11,8,8,9,8,9,1,1
782,82,3,12,1,2,9,3,3,1,2,4,2,4,3,2,10,7,11,8,9,9,8,9,1,1
784,6,1,15,1,2,9,3,3,4,1,4,2,4,2,4,9,6,9,8,9,11,8,9,1,2
805,191,1,11,1,2,9,4,4,2,4,4,2,4,4,4,8,6,10,8,10,10,8,9,2,1
814,9,1,13,1,2,9,4,2,4,4,4,1,4,4,4,9,7,13,10,10,9,8,9,1,2
825,6,1,14,1,2,9,1,1,3,1,2,2,3,3,4,10,6,11,9,8,10,8,9,1,2
843,625,1,16,1,1,9,3,3,4,1,2,3,3,4,4,10,7,11,9,9,10,8,9,1,1
853,14,2,12,1,2,9,4,4,4,2,4,1,4,4,4,9,7,9,8,10,11,8,9,1,1
869,12,2,15,1,2,9,3,4,4,2,4,4,4,4,4,11,8,12,9,9,9,8,9,1,2
874,10,1,15,1,1,9,3,3,3,2,4,2,3,2,2,10,6,11,8,8,9,8,9,1,1
878,40,3,17,1,2,9,1,2,4,1,2,2,2,4,2,9,7,10,9,10,11,8,9,1,1
890,15,1,17,1,1,8,3,2,3,3,4,1,2,4,4,9,6,11,9,9,10,8,9,2,1
899,57,1,17,1,2,9,2,2,4,2,2,4,4,4,4,10,7,11,9,9,10,8,9,1,1
905,2561,1,16,2,2,9,2,2,2,2,2,2,4,2,2,10,6,11,8,8,9,8,9,1,3
926,18,1,8,1,1,9,1,3,2,2,3,1,1,3,1,9,7,10,8,10,10,8,9,2,1
942,10,3,14,1,1,8,3,2,3,1,4,2,3,3,4,10,7,11,9,9,10,8,9,1,1
959,12,3,17,1,2,8,3,3,4,3,4,3,4,4,3,#NULL!,#NULL!,12,9,#NULL!,9,8,9,1,2
971,24,1,13,1,1,9,2,3,2,3,4,3,3,2,4,10,6,11,8,8,9,8,9,2,2
973,16,1,13,1,2,9,3,3,4,2,-1,3,2,4,1,10,7,11,8,9,9,8,9,1,1
999,8,1,13,1,2,8,4,3,3,2,4,1,1,4,3,10,6,11,8,8,9,8,9,1,1
1004,12,1,11,2,1,9,1,4,4,4,4,4,4,4,4,9,6,10,7,9,9,8,9,3,1
1005,1260,1,7,2,2,9,4,2,4,2,4,2,4,4,-1,9,6,10,8,9,10,8,9,2,2
1028,9,1,13,3,1,8,2,3,3,3,3,2,3,3,4,10,7,11,10,9,11,8,9,2,1
1034,8,1,16,1,2,8,4,4,4,4,4,2,4,4,4,10,7,12,10,9,10,8,9,1,1
1035,12,1,11,1,2,9,1,1,3,2,4,2,2,4,3,10,7,11,9,9,10,8,9,2,-1
1056,6,1,12,1,2,9,4,4,2,2,4,2,2,4,4,9,6,11,9,9,10,8,9,1,1
1059,9,1,16,1,2,10,2,1,4,2,4,1,2,2,2,9,6,10,8,9,10,8,9,2,1
1071,9,1,16,1,2,7,1,3,2,3,4,2,3,3,4,#NULL!,#NULL!,12,9,#NULL!,9,8,9,2,1
1074,6,3,15,1,1,9,4,4,3,4,4,4,4,3,4,11,7,11,7,8,8,8,9,1,1
1080,10,1,15,1,2,9,2,3,4,1,2,1,2,3,4,11,7,12,10,8,10,8,9,2,1
1092,10,2,12,1,2,9,4,3,4,2,4,2,2,3,4,9,6,11,10,9,11,8,9,2,2
1093,5,2,15,1,2,9,3,2,2,1,4,1,4,1,4,8,6,10,10,10,12,8,9,2,4
1103,7,1,17,1,1,8,4,4,4,4,4,2,3,3,4,11,6,11,8,7,9,8,9,1,1
1112,12,1,8,1,2,8,2,3,4,1,4,4,4,1,2,8,6,10,8,10,10,8,9,1,1
1114,37,1,16,1,1,8,1,2,3,2,3,1,2,3,2,10,6,#NULL!,#NULL!,8,#NULL!,8,9,2,2
1118,18,2,12,1,1,8,1,2,3,3,4,2,2,3,4,10,7,11,9,9,10,8,9,1,1
1132,11,1,15,1,1,9,2,3,4,4,4,1,1,4,4,10,6,12,9,8,9,8,9,2,1
1135,7,1,15,1,1,8,3,3,4,2,4,4,4,4,4,9,6,9,8,9,11,8,9,2,1
1180,16,1,10,1,2,8,3,4,4,4,4,3,3,4,4,9,7,10,8,10,10,8,9,2,1
1209,25,1,11,1,1,8,3,2,4,2,4,4,4,4,4,10,6,11,7,8,8,8,9,1,1
1212,6,2,12,1,1,10,3,4,4,3,4,1,4,4,4,9,6,11,9,9,10,8,9,1,1
1215,7,2,15,1,2,8,3,2,4,1,4,1,4,4,4,10,8,10,9,10,11,8,9,2,1
1226,18,2,17,1,2,9,2,2,2,2,4,2,2,3,3,10,6,11,10,8,11,8,9,2,2
1241,20,3,17,1,2,8,1,4,3,2,4,1,2,3,3,10,6,11,8,8,9,8,9,1,1
1243,33,4,9,1,2,9,2,3,4,2,4,1,2,4,3,9,7,10,9,10,11,8,9,2,1
1251,11,1,17,1,1,8,3,3,2,2,4,3,4,3,3,10,6,10,8,8,10,8,9,1,1
1253,12,2,11,1,1,8,1,2,4,1,3,1,-1,4,4,9,6,10,8,9,10,8,9,1,1
1259,13,1,14,2,1,9,2,2,4,4,4,2,4,4,-1,8,6,12,10,10,10,8,9,1,1
1306,19,1,9,1,2,10,2,3,4,3,4,2,2,3,3,9,6,10,8,9,10,8,9,1,1
1308,21,1,12,1,1,8,3,2,4,2,4,2,3,4,4,10,7,12,9,9,9,8,9,2,1
1342,10,2,13,1,1,8,4,4,4,2,4,3,4,4,4,9,5,11,9,8,10,8,9,1,2
1347,7,2,12,1,1,8,1,4,4,4,4,1,4,4,4,9,6,11,9,9,10,8,9,2,1
1353,7,2,10,1,1,8,2,3,4,2,4,1,2,1,2,9,7,9,8,10,11,8,9,2,1
1366,8,1,17,1,2,8,3,4,4,2,4,2,2,4,4,10,8,11,8,10,9,8,9,1,1
1385,102,1,9,1,2,9,3,3,4,1,4,1,1,4,3,9,6,10,8,9,10,8,9,3,1
1387,26,2,11,1,1,9,1,3,4,2,4,1,3,4,3,10,6,10,8,8,10,8,9,1,1
1396,5,2,9,1,2,8,4,4,4,4,4,3,4,4,4,8,7,8,9,11,13,8,9,1,1
1402,20,1,17,1,2,7,3,4,4,4,4,4,4,4,4,11,9,12,10,10,10,8,9,1,2
1434,9,2,10,1,1,9,4,4,1,4,4,3,4,4,2,9,7,10,8,10,10,8,9,1,1
1458,19,2,16,1,2,8,3,4,4,3,4,1,4,4,4,11,7,11,8,8,9,8,9,2,1
1479,6,3,16,1,1,10,4,4,4,2,4,4,4,4,4,10,7,12,9,9,9,8,9,1,1
1481,27,1,17,1,1,8,1,2,4,2,4,2,4,3,2,10,7,13,10,9,9,8,9,2,1
1500,10,2,12,1,2,8,3,3,1,2,4,2,2,3,4,9,6,10,8,9,10,8,9,1,1
1518,8,3,9,1,2,9,4,4,4,4,4,1,4,4,4,#NULL!,#NULL!,10,8,#NULL!,10,8,9,1,1
4,6,1,9,1,2,8,2,2,2,2,3,2,2,3,4,9,7,10,9,10,11,9,9,2,1
19,9,4,9,1,1,8,4,2,4,4,4,4,4,4,4,9,7,10,8,10,10,9,9,2,1
24,15,1,7,1,1,8,2,3,3,1,4,2,3,2,3,8,6,9,7,10,10,9,9,1,1
27,10,3,10,1,2,10,2,2,3,2,2,1,3,4,4,9,7,10,9,10,11,9,9,2,1
61,12,1,13,1,1,10,4,4,4,4,4,2,2,2,4,10,8,11,9,10,10,9,9,1,1
65,23,1,7,1,2,9,1,2,2,1,4,2,2,3,2,10,7,10,8,9,10,9,9,2,1
70,9,1,8,1,2,10,4,4,4,4,4,4,4,4,4,9,7,9,7,10,10,9,9,1,1
74,6,2,12,1,1,8,4,3,4,2,4,2,3,4,4,10,7,10,7,9,9,9,9,2,1
81,15,2,11,1,1,9,2,2,3,2,2,3,2,3,2,9,7,12,10,10,10,9,9,1,2
82,5,1,11,1,1,8,4,4,4,4,4,1,4,4,4,9,6,10,7,9,9,9,9,1,1
85,4,3,13,1,2,9,4,4,4,2,4,4,4,4,4,8,6,9,8,10,11,9,9,2,1
102,9,3,10,1,2,9,2,2,3,3,3,2,3,2,4,9,7,12,9,10,9,9,9,1,1
108,6,2,14,1,1,9,4,4,4,4,4,1,4,4,4,9,6,9,7,9,10,9,9,1,1
111,20,4,8,1,1,10,3,1,3,2,2,2,2,3,4,8,7,9,7,11,10,9,9,2,1
112,742,3,10,1,2,10,2,3,3,2,4,2,4,4,4,8,6,#NULL!,#NULL!,10,#NULL!,9,9,2,1
113,9,2,9,1,1,9,2,4,3,3,4,1,3,4,4,9,6,10,8,9,10,9,9,1,1
127,5,2,15,1,2,9,1,1,4,1,2,3,3,3,3,8,6,9,7,10,10,9,9,1,1
144,11,1,7,1,2,10,4,4,2,2,3,1,1,4,3,9,7,9,6,10,9,9,9,2,1
145,7,2,9,1,1,9,3,2,4,2,4,2,3,4,4,8,6,9,7,10,10,9,9,1,1
156,7,2,9,1,1,8,4,4,4,3,4,3,4,4,4,9,6,10,7,9,9,9,9,2,1
163,7,3,13,1,1,10,2,3,2,1,4,2,3,3,3,10,7,9,8,9,11,9,9,1,1
164,6697,1,17,1,1,7,4,-1,4,4,4,4,4,3,4,#NULL!,#NULL!,9,5,#NULL!,8,9,9,1,1
165,7,2,8,1,2,10,3,3,4,3,4,1,2,2,4,9,7,9,8,10,11,9,9,1,1
175,1222,2,8,1,1,9,2,2,3,2,3,2,2,2,2,9,8,10,8,11,10,9,9,2,1
200,8,4,7,1,1,10,4,4,4,2,4,4,4,4,4,9,7,10,8,10,10,9,9,1,1
203,8,2,11,1,1,8,4,2,3,2,4,2,2,3,4,9,7,11,9,10,10,9,9,2,1
217,8,2,6,1,1,9,2,3,4,3,4,3,4,3,3,9,7,9,7,10,10,9,9,1,1
219,5,1,8,1,2,9,4,4,4,2,4,1,2,4,4,9,7,11,9,10,10,9,9,2,1
226,8,2,8,1,1,10,3,3,3,3,3,3,3,3,3,9,7,10,8,10,10,9,9,2,1
270,7,2,8,1,1,8,1,1,3,2,2,2,3,2,4,9,6,10,8,9,10,9,9,3,1
289,10,2,11,1,2,8,3,3,4,3,4,1,2,3,3,8,6,9,7,10,10,9,9,1,1
296,73,2,11,1,1,9,3,4,4,2,4,4,4,4,4,9,7,10,7,10,9,9,9,1,1
301,12,1,7,1,1,9,3,4,4,1,4,2,4,4,4,9,7,10,7,10,9,9,9,1,2
310,8,2,12,1,1,9,1,3,4,3,4,4,3,4,4,9,6,9,7,9,10,9,9,1,1
313,570,1,15,1,1,9,4,4,4,2,4,4,4,2,4,10,7,11,8,9,9,9,9,1,1
315,4,1,9,1,1,10,4,4,4,4,4,4,4,4,4,8,6,8,7,10,11,9,9,1,1
327,11,1,8,1,1,10,4,4,2,2,4,4,4,4,4,8,6,10,9,10,11,9,9,1,1
347,9,2,8,1,1,9,2,3,4,3,4,2,3,4,4,9,6,10,9,9,11,9,9,1,1
356,7,2,9,1,1,9,4,4,4,4,4,4,4,4,4,#NULL!,#NULL!,10,8,#NULL!,10,9,9,1,1
360,5,2,13,1,2,10,3,4,4,3,4,2,3,3,2,9,7,10,8,10,10,9,9,1,1
369,6,1,6,1,2,9,3,2,3,1,4,1,4,4,1,8,6,9,7,10,10,9,9,1,1
381,8,1,15,1,2,9,3,3,3,2,4,2,4,4,4,9,6,11,10,9,11,9,9,1,1
406,11,2,6,1,2,9,1,2,4,1,4,3,3,4,4,9,8,10,9,11,11,9,9,1,1
439,10056,2,8,1,2,10,4,4,4,1,4,2,2,4,4,9,8,9,9,11,12,9,9,1,1
446,14,1,6,1,2,9,3,4,4,3,4,2,4,4,3,#NULL!,#NULL!,#NULL!,#NULL!,#NULL!,#NULL!,9,9,2,1
471,20,4,12,1,2,9,3,3,4,2,4,2,2,4,3,9,7,10,8,10,10,9,9,1,1
483,8,1,6,1,2,10,3,3,3,2,4,1,3,2,3,9,7,10,8,10,10,9,9,2,1
498,15,2,9,1,1,10,2,4,4,2,4,1,4,4,4,8,7,10,9,11,11,9,9,2,1
512,7,2,10,1,1,9,4,4,4,3,4,2,2,4,4,9,6,10,7,9,9,9,9,1,1
527,7,2,10,1,2,9,2,2,3,3,-1,1,3,4,2,8,6,9,8,10,11,9,9,2,1
539,14,1,13,1,2,8,2,3,4,3,4,1,2,4,4,8,5,11,8,9,9,9,9,1,1
544,5,1,15,1,2,9,3,3,4,2,4,2,4,4,3,8,6,11,9,10,10,9,9,2,1
547,21,2,8,1,1,10,4,3,4,2,3,3,2,3,4,8,7,9,7,11,10,9,9,2,1
559,5,4,12,1,1,8,4,1,4,4,4,4,4,3,4,10,8,11,8,10,9,9,9,1,1
566,10,2,9,1,2,9,3,4,4,2,2,2,4,4,2,9,7,9,8,10,11,9,9,3,1
604,14,1,6,1,1,8,4,3,4,3,4,1,3,4,4,8,6,8,6,10,10,9,9,2,1
623,9,3,14,1,1,10,2,3,4,2,2,3,2,4,4,10,8,12,10,10,10,9,9,2,1
647,10,1,6,1,1,9,2,4,4,4,4,1,1,4,4,9,7,9,8,10,11,9,9,1,1
650,10,4,8,1,1,9,1,3,4,1,4,4,4,3,4,8,6,10,9,10,11,9,9,1,1
653,8,2,10,1,2,9,4,4,2,3,4,1,4,4,2,13,12,13,12,10,10,9,9,1,1
665,6,3,6,1,2,10,3,3,4,4,4,2,-1,3,3,8,6,9,7,10,10,9,9,3,1
667,52,1,11,2,1,9,1,4,4,1,4,4,4,4,4,9,6,9,6,9,9,9,9,1,1
676,6,1,13,1,1,10,2,2,3,2,3,2,3,3,3,7,6,7,7,11,12,9,9,1,1
689,10,1,10,1,2,9,3,2,4,2,3,1,2,3,4,9,7,9,7,10,10,9,9,2,1
693,8,1,6,5,1,9,1,4,3,3,4,1,3,3,4,9,7,10,8,10,10,9,9,1,1
696,16,3,11,1,1,10,4,4,4,4,4,4,4,4,4,9,7,10,8,10,10,9,9,2,1
704,51,1,11,1,2,8,1,4,4,4,4,2,4,4,4,9,6,10,8,9,10,9,9,2,1
706,7,1,7,1,1,10,2,2,4,1,4,4,4,4,2,9,7,9,7,10,10,9,9,1,1
721,10,1,10,1,2,9,3,3,4,3,4,1,3,4,4,9,6,11,8,9,9,9,9,1,1
735,38,1,6,1,1,10,1,3,3,2,4,2,2,4,4,#NULL!,#NULL!,10,10,#NULL!,12,9,9,1,1
742,11,2,8,1,2,9,2,1,4,3,4,4,4,4,4,8,6,9,7,10,10,9,9,2,1
750,11,1,8,1,2,10,3,3,4,3,4,3,3,4,3,8,6,9,7,10,10,9,9,2,1
759,119,2,7,1,1,10,4,4,4,3,4,3,3,4,4,8,6,10,8,10,10,9,9,1,1
767,19,1,7,1,2,10,2,2,4,2,3,2,4,3,2,8,6,9,7,10,10,9,9,2,1
774,8,3,12,1,1,9,2,3,4,2,4,3,3,4,4,9,7,10,8,10,10,9,9,1,1
777,230,2,8,1,1,10,2,2,3,1,1,2,4,4,3,8,6,9,7,10,10,9,9,1,1
780,10,1,10,1,2,6,3,3,2,1,3,3,3,2,4,9,7,10,9,10,11,9,9,2,1
786,13,1,11,1,2,10,1,2,4,4,4,1,4,4,4,11,10,11,10,11,11,9,9,1,1
795,11,2,7,1,1,9,3,3,3,3,3,2,4,3,4,10,7,12,9,9,9,9,9,1,1
800,11,1,7,1,2,8,2,2,4,4,4,2,3,4,4,10,7,10,7,9,9,9,9,1,1
812,11,1,9,1,1,9,1,4,3,3,4,2,2,2,2,9,7,10,8,10,10,9,9,2,1
813,956,2,12,1,1,9,3,3,4,2,4,4,3,3,2,9,7,10,7,10,9,9,9,1,1
826,11,2,10,1,1,9,1,2,4,2,4,2,2,4,4,9,7,10,7,10,9,9,9,1,1
833,7,2,6,1,2,9,2,4,4,2,4,3,4,4,4,8,6,9,7,10,10,9,9,1,1
844,7,2,15,2,2,8,4,4,4,4,4,2,4,4,4,10,6,11,9,8,10,9,9,1,1
850,13,4,7,1,2,8,4,4,4,1,4,2,2,4,4,9,7,10,8,10,10,9,9,1,1
854,27,2,6,1,1,10,3,3,4,3,3,1,1,4,3,8,7,8,7,11,11,9,9,2,1
866,11,3,8,1,2,8,1,3,3,1,4,2,2,3,4,8,6,9,7,10,10,9,9,2,1
907,5,1,15,2,1,9,3,3,4,3,4,2,2,4,4,9,6,10,7,9,9,9,9,1,1
913,4,1,7,1,1,9,2,2,2,2,4,4,4,4,4,#NULL!,#NULL!,8,6,#NULL!,10,9,9,1,1
918,29,2,8,1,1,8,3,2,2,2,3,2,2,3,3,9,7,9,7,10,10,9,9,3,1
922,6,1,6,1,1,9,2,2,4,3,4,2,2,4,4,10,7,11,8,9,9,9,9,1,1
935,12,2,9,1,1,9,1,1,2,2,4,2,1,3,4,8,6,10,7,10,9,9,9,1,1
938,20,1,8,2,2,10,3,3,3,1,3,3,3,3,3,8,7,9,8,11,11,9,9,1,2
983,11,1,7,1,2,9,2,3,4,1,3,3,3,3,3,9,7,10,8,10,10,9,9,2,1
1017,2907,1,7,1,2,9,1,3,4,2,4,2,4,4,4,9,6,10,7,9,9,9,9,1,1
1030,14,3,11,1,1,9,4,4,4,1,4,2,4,4,2,11,8,11,8,9,9,9,9,1,1
1041,10,1,6,1,1,8,3,4,3,2,4,4,4,4,4,9,7,#NULL!,#NULL!,10,#NULL!,9,9,2,1
1042,8,1,6,1,1,10,4,4,4,4,4,4,4,4,4,9,7,9,7,10,10,9,9,2,1
1048,16,2,10,1,1,10,3,3,3,1,4,1,3,2,3,9,7,10,7,10,9,9,9,1,1
1057,11,3,6,1,1,10,4,4,4,2,4,2,4,4,4,9,7,9,7,10,10,9,9,2,1
1069,16,3,8,1,1,9,1,4,3,3,3,3,3,4,4,9,8,11,10,11,11,9,9,2,1
1072,138,1,7,1,1,9,4,4,4,3,4,3,3,4,4,9,7,9,7,10,10,9,9,1,1
1098,4,1,11,1,1,9,4,4,2,1,4,4,4,4,4,9,6,9,6,9,9,9,9,1,1
1109,163,2,7,1,1,7,4,-1,4,1,-1,1,2,4,4,9,7,9,7,10,10,9,9,1,1
1129,8,2,8,1,2,9,2,3,3,3,3,2,2,4,3,8,6,8,6,10,10,9,9,1,1
1149,8,1,10,1,2,10,3,3,3,3,4,3,4,4,4,9,8,9,8,11,11,9,9,4,1
1168,13,1,13,1,1,8,3,3,4,1,4,4,4,3,4,9,7,10,7,10,9,9,9,2,1
1170,9,1,7,1,2,9,2,4,4,4,4,4,4,4,4,8,6,8,6,10,10,9,9,2,1
1174,10,2,12,1,2,10,3,4,3,2,4,2,4,4,3,9,7,10,10,10,12,9,9,1,1
1219,10,2,6,1,1,9,2,2,3,3,2,1,3,3,3,#NULL!,#NULL!,#NULL!,#NULL!,#NULL!,#NULL!,9,9,2,2
1261,23,1,12,5,1,9,1,3,4,2,4,2,3,2,4,9,6,10,7,9,9,9,9,1,1
1267,8,3,7,1,1,9,3,3,4,4,4,4,4,4,4,8,6,8,6,10,10,9,9,1,1
1271,7,2,7,1,1,9,2,3,4,2,2,1,3,4,4,9,8,11,9,11,10,9,9,1,1
1281,14,2,6,1,1,11,1,3,3,2,2,2,2,3,3,10,7,10,7,9,9,9,9,1,2
1284,7,2,9,1,1,10,3,3,4,2,2,4,4,4,4,8,7,9,7,11,10,9,9,2,1
1307,8,2,9,1,1,9,4,4,4,3,3,4,4,4,4,9,7,9,7,10,10,9,9,1,1
1309,7,3,9,1,2,10,4,3,3,2,4,2,2,4,3,9,7,11,8,10,9,9,9,1,1
1317,9,1,7,1,2,10,2,2,3,2,3,2,2,3,3,8,7,9,8,11,11,9,9,2,1
1321,7,1,9,1,1,10,2,2,4,1,2,3,2,3,4,8,7,10,8,11,10,9,9,2,1
1331,6,2,11,1,1,10,4,4,4,2,4,4,4,4,4,10,7,10,8,9,10,9,9,2,1
1345,14,2,10,1,2,8,1,1,4,3,4,1,1,4,4,#NULL!,#NULL!,13,10,#NULL!,9,9,9,1,1
1364,13,2,10,1,2,9,2,4,4,1,4,2,3,4,4,10,7,11,8,9,9,9,9,1,1
1399,23,3,10,1,2,8,2,4,4,4,4,4,4,2,4,9,6,9,7,9,10,9,9,1,1
1412,595,2,10,1,1,9,3,3,3,3,4,2,4,4,4,8,7,8,8,11,12,9,9,1,1
1415,8,2,11,5,1,9,1,1,4,2,4,2,4,4,4,8,5,9,6,9,9,9,9,1,1
1422,16,2,8,1,2,8,3,3,4,3,4,2,1,1,4,9,7,10,8,10,10,9,9,2,1
1440,7,1,14,2,1,14,3,4,4,3,4,1,4,4,4,10,12,10,12,14,14,9,9,3,1
1442,7,3,9,1,2,11,2,2,4,3,4,4,4,4,4,8,6,9,7,10,10,9,9,2,1
1448,6,5,10,1,1,9,2,2,4,4,4,2,2,4,4,8,7,9,8,11,11,9,9,3,2
1449,7,1,11,1,2,9,2,3,4,2,4,2,3,4,4,9,6,10,7,9,9,9,9,1,1
1463,6,1,9,1,2,8,4,4,2,4,4,1,1,4,4,8,7,9,8,11,11,9,9,2,1
1467,6,2,11,1,1,8,4,4,4,3,4,4,4,4,4,9,7,9,7,10,10,9,9,3,1
1475,6,2,8,1,1,10,2,2,4,3,4,3,4,4,4,8,6,8,6,10,10,9,9,1,1
1491,9,3,13,1,1,8,4,4,4,-1,4,1,-1,3,4,8,6,9,8,10,11,9,9,1,1
1506,9,4,13,1,2,9,4,4,4,1,4,4,4,4,4,9,7,10,8,10,10,9,9,1,1
1523,10,1,10,1,2,10,3,4,4,4,4,4,4,4,4,8,7,9,8,11,11,9,9,3,1
1533,6,1,9,1,1,10,3,3,4,2,4,2,3,3,2,8,6,8,6,10,10,9,9,2,1
1544,22,2,8,1,2,10,3,2,2,1,3,2,2,4,4,8,6,9,8,10,11,9,9,1,2
52,5,1,7,1,2,10,4,4,1,4,4,1,4,2,4,8,6,9,7,10,10,10,9,1,1
96,13,1,6,1,2,11,4,4,4,2,4,2,4,4,4,8,7,9,7,11,10,10,9,1,1
210,7,2,8,1,1,10,3,4,4,2,4,2,2,4,4,8,7,9,7,11,10,10,9,1,1
282,15,2,9,1,2,11,4,4,4,2,2,4,4,4,-1,8,7,8,7,11,11,10,9,1,1
284,11,2,7,1,2,8,3,4,3,3,4,1,2,2,3,9,7,11,8,10,9,10,9,1,1
317,15,2,8,1,1,11,3,4,3,3,3,1,4,3,4,8,7,9,7,11,10,10,9,1,1
399,3,1,6,1,2,10,1,2,2,1,3,3,-1,2,2,8,6,10,6,10,8,10,9,1,2
411,9,1,8,1,1,10,2,3,3,2,2,2,-1,2,2,8,6,10,8,10,10,10,9,1,1
573,9,4,8,1,2,10,4,4,3,4,4,4,4,4,4,8,7,10,8,11,10,10,9,2,1
578,12,1,9,1,1,10,2,3,4,2,4,3,3,4,4,9,7,10,8,10,10,10,9,1,1
622,8,1,7,1,1,10,3,3,4,3,3,3,3,4,3,8,7,9,7,11,10,10,9,1,1
717,6,1,7,1,1,10,4,4,4,4,4,4,4,4,4,8,6,#NULL!,#NULL!,10,#NULL!,10,9,2,1
769,13,2,11,3,2,8,2,2,4,3,4,3,3,3,4,9,7,10,8,10,10,10,9,2,1
824,12,2,10,1,2,11,3,4,3,3,4,1,3,2,4,9,8,11,7,11,8,10,9,2,1
876,7,1,8,1,2,9,4,4,4,4,4,4,4,4,4,9,8,9,8,11,11,10,9,1,1
941,6,1,11,1,2,10,1,3,4,3,4,1,2,4,4,9,7,9,8,10,11,10,9,1,1
974,8,2,10,1,2,10,3,4,4,3,4,2,4,2,2,8,7,9,7,11,10,10,9,2,1
1044,13,1,7,1,1,10,2,3,2,4,4,2,3,1,4,9,7,10,8,10,10,10,9,1,1
1076,9,5,9,5,1,10,2,3,4,2,2,3,3,4,4,9,7,10,7,10,9,10,9,2,1
1139,11,1,12,1,1,10,2,3,3,3,3,2,3,4,2,8,6,10,9,10,11,10,9,2,1
1152,7,2,6,1,1,9,3,4,4,4,4,1,4,4,2,8,7,9,8,11,11,10,9,1,1
1155,50,2,6,1,2,10,3,2,4,2,3,2,4,4,2,7,6,8,6,11,10,10,9,2,1
1176,14,2,10,1,1,10,4,4,4,2,4,2,4,4,4,9,7,10,7,10,9,10,9,1,1
1188,34,2,10,1,1,10,4,4,4,3,4,4,4,4,4,8,7,9,8,11,11,10,9,1,1
1302,10,1,8,1,1,9,3,3,2,2,2,3,3,1,4,8,6,8,6,10,10,10,9,1,1
1314,23,4,7,1,1,10,4,4,4,4,2,4,4,4,2,9,7,9,7,10,10,10,9,2,1
1389,20,1,10,1,2,10,4,3,4,4,4,2,4,2,-1,8,7,9,8,11,11,10,9,2,1
1443,10,1,6,2,1,10,2,4,4,4,4,3,4,4,4,9,8,10,9,11,11,10,9,1,1
1545,11,1,8,1,1,10,1,2,4,2,4,3,3,4,3,9,7,11,9,10,10,10,9,2,1
603,8,1,7,1,2,11,4,1,2,2,3,1,2,3,4,8,7,9,7,11,10,11,9,2,1
944,8,2,8,1,2,11,2,3,4,2,3,1,1,2,4,8,7,9,8,11,11,11,9,3,1
68,23,2,17,1,1,8,2,3,4,4,4,1,3,2,-1,12,5,13,12,5,10,5,8,2,3
287,10,2,17,1,1,5,3,4,4,3,4,1,2,2,3,13,8,13,12,6,8,5,8,2,1
718,656,3,9,1,1,12,1,2,4,3,3,1,1,2,4,11,6,13,9,7,8,5,8,4,2
820,23,2,17,2,2,6,1,2,3,1,2,1,1,1,-1,11,6,#NULL!,#NULL!,7,#NULL!,5,8,4,3
888,14,7,17,1,2,8,1,2,4,2,2,1,1,4,4,12,6,12,9,6,9,5,8,3,1
1435,36,1,13,1,2,8,2,3,4,3,4,1,3,1,3,12,6,13,10,6,8,5,8,3,1
250,10,1,15,1,2,8,1,2,4,2,3,2,2,4,3,11,8,13,12,9,10,6,8,1,4
280,13,1,10,1,2,10,4,3,4,1,4,4,4,4,4,9,7,9,10,10,13,6,8,2,1
415,7,2,16,1,2,8,1,2,3,1,1,2,2,2,-1,11,5,#NULL!,#NULL!,6,#NULL!,6,8,2,3
467,6,1,11,1,1,7,1,2,3,4,4,1,1,4,4,9,5,9,7,8,10,6,8,4,1
700,8,1,17,1,2,9,2,2,4,2,4,1,1,4,4,11,6,12,8,7,8,6,8,1,1
722,60,2,12,1,1,7,2,3,2,4,3,2,4,3,4,11,6,11,10,7,11,6,8,2,1
728,10,2,17,1,2,8,3,3,3,1,4,4,2,4,4,11,7,12,9,8,9,6,8,2,1
761,12,1,17,1,1,8,1,1,4,3,4,2,2,4,4,10,5,13,11,7,10,6,8,2,2
856,8,1,16,1,2,8,3,3,4,3,3,2,1,4,4,11,7,13,11,8,8,6,8,3,1
906,37,2,16,1,2,7,3,4,4,4,4,3,4,4,4,#NULL!,#NULL!,12,12,#NULL!,12,6,8,2,1
964,28,1,17,1,2,8,3,2,4,1,3,2,3,3,3,11,7,12,9,8,9,6,8,3,3
1032,8,2,11,1,2,8,2,3,4,2,4,1,3,3,4,9,6,10,10,9,12,6,8,3,3
1246,11,2,16,1,2,10,2,2,4,3,4,1,2,4,3,10,6,11,9,8,10,6,8,2,2
1318,5,1,16,1,2,11,2,2,4,3,4,1,4,3,4,10,6,12,10,8,10,6,8,1,1
1330,13,1,16,1,2,7,2,2,4,2,2,2,3,2,4,10,7,11,11,9,12,6,8,2,2
1361,15,3,12,1,2,8,1,2,4,2,3,2,3,3,2,10,6,10,6,8,8,6,8,2,1
1390,12,1,17,1,1,8,1,2,3,3,4,1,4,4,4,11,6,13,11,7,9,6,8,1,1
1398,9,3,13,1,2,9,2,2,3,1,2,3,3,2,3,10,11,12,13,13,13,6,8,3,3
1431,7,4,10,1,2,10,1,4,4,1,4,1,1,4,4,10,6,11,9,8,10,6,8,2,1
1466,22,1,15,1,1,8,3,3,4,3,4,4,4,2,3,9,7,10,9,10,11,6,8,3,1
34,5636,1,6,1,2,9,4,4,4,1,4,2,4,1,4,10,7,10,8,9,10,7,8,1,1
86,9,2,12,1,2,8,2,3,4,4,4,2,3,4,4,10,6,11,8,8,9,7,8,2,1
105,13,3,16,1,2,7,4,3,4,3,4,1,1,4,4,11,7,12,9,8,9,7,8,2,1
109,10,3,12,1,2,7,4,4,2,2,4,4,4,4,4,9,6,11,9,9,10,7,8,1,1
148,4297,3,14,1,1,7,1,3,4,4,4,4,4,4,4,8,7,11,10,11,11,7,8,1,1
204,13,1,16,1,2,8,4,4,4,4,4,4,3,4,4,10,6,13,10,8,8,7,8,1,1
231,9,1,13,1,1,9,2,2,3,1,4,4,4,4,4,10,5,11,9,7,10,7,8,2,1
255,9,1,15,1,2,8,2,1,2,-1,1,3,4,3,3,10,7,12,9,9,9,7,8,1,1
256,12,1,17,1,2,7,3,4,2,2,4,2,3,3,4,10,7,11,10,9,11,7,8,2,2
264,8,2,12,1,2,8,3,4,3,3,4,1,3,4,4,10,8,11,8,10,9,7,8,1,1
290,12,2,8,1,2,8,1,1,4,1,2,3,3,4,3,9,7,9,8,10,11,7,8,2,1
336,7,1,16,2,1,7,4,4,4,4,4,2,4,4,4,11,6,13,9,7,8,7,8,2,2
355,1685,1,11,1,1,8,3,4,4,3,4,4,4,3,3,10,6,12,8,8,8,7,8,2,1
358,10,2,17,1,2,5,3,2,4,4,4,4,4,4,4,11,7,11,8,8,9,7,8,4,1
384,7304,3,14,1,2,8,3,3,3,3,3,1,3,4,4,10,6,10,8,8,10,7,8,1,1
410,11,2,13,1,2,8,2,4,-1,2,4,3,2,3,4,#NULL!,#NULL!,#NULL!,#NULL!,#NULL!,#NULL!,7,8,2,1
425,6,1,13,1,1,8,1,3,2,3,3,1,4,2,4,10,7,11,9,9,10,7,8,1,1
429,2424,1,13,1,2,8,1,2,4,1,4,1,2,3,2,9,6,10,8,9,10,7,8,2,1
465,7,1,13,1,2,8,2,4,4,2,4,2,3,4,1,10,6,12,9,8,9,7,8,2,1
536,8,2,15,1,1,8,3,3,4,2,4,3,4,4,4,10,5,12,8,7,8,7,8,1,1
538,6,2,17,1,1,7,4,4,4,1,4,1,4,4,4,11,6,12,9,7,9,7,8,1,1
549,18,1,6,1,1,8,1,4,4,1,4,2,4,4,4,9,6,11,8,9,9,7,8,2,1
581,7,1,17,1,2,7,4,4,4,3,4,3,4,3,4,11,6,13,9,7,8,7,8,1,1
586,7,1,13,1,1,8,1,2,3,2,-1,2,2,4,3,10,7,11,9,9,10,7,8,2,1
597,10,2,14,3,2,9,4,4,3,3,4,2,3,4,4,10,6,11,9,8,10,7,8,1,1
618,26,1,12,1,2,8,4,4,3,4,4,4,4,2,4,8,6,9,9,10,12,7,8,3,1
627,35,1,17,1,2,8,1,4,3,1,4,3,4,3,4,13,9,13,10,8,8,7,8,1,1
697,15,1,14,1,1,8,2,3,3,2,4,2,2,4,4,11,7,13,9,8,8,7,8,3,1
781,468,1,12,1,2,7,1,4,4,2,4,2,4,4,4,9,6,10,8,9,10,7,8,2,1
829,15,3,16,1,2,8,3,3,3,3,4,2,2,2,3,10,6,11,9,8,10,7,8,3,1
921,7,1,13,1,2,7,4,4,4,4,4,1,2,4,4,11,6,12,8,7,8,7,8,1,1
1012,9,4,7,1,2,10,2,3,4,3,4,4,3,4,4,10,7,11,8,9,9,7,8,2,1
1046,7,1,16,1,1,9,4,4,2,2,4,1,2,2,4,10,6,13,9,8,8,7,8,1,2
1047,6,4,17,1,1,7,3,3,3,2,3,1,1,4,4,10,6,12,9,8,9,7,8,1,1
1053,5,2,15,2,1,8,2,2,3,3,4,2,3,3,-1,11,7,13,10,8,9,7,8,4,2
1062,6,1,17,1,1,8,3,3,3,1,3,2,2,3,4,9,6,10,8,9,10,7,8,2,1
1066,40,1,16,1,2,9,2,3,4,2,3,2,4,3,3,10,6,10,9,8,11,7,8,2,1
1106,9,1,12,1,1,8,4,4,4,1,4,3,3,4,4,9,5,10,6,8,8,7,8,1,1
1121,1893,2,15,1,2,8,2,1,4,3,4,2,3,4,4,10,6,12,9,8,9,7,8,2,3
1211,5,1,11,1,1,8,1,3,3,3,3,3,3,3,3,9,6,10,8,9,10,7,8,1,1
1272,19,1,16,1,2,9,4,3,3,4,4,1,2,4,4,12,8,13,11,8,9,7,8,3,2
1311,10,1,14,1,2,8,4,2,4,2,3,3,4,4,4,10,6,10,7,8,9,7,8,2,1
1495,20,2,14,1,1,8,4,4,4,4,4,4,4,4,4,9,6,9,7,9,10,7,8,2,1
12,8,1,13,1,2,8,1,3,4,2,3,1,2,2,2,9,7,#NULL!,#NULL!,10,#NULL!,8,8,1,1
31,13,2,8,1,1,8,3,2,3,3,3,2,2,3,2,9,6,10,8,9,10,8,8,2,1
36,7,1,16,1,1,8,3,4,3,2,4,2,-1,3,3,10,7,11,8,9,9,8,8,1,1
41,5,2,8,1,1,8,1,1,2,3,4,2,2,4,4,9,6,10,7,9,9,8,8,2,2
42,11,1,6,2,2,8,2,3,4,1,4,2,4,4,4,9,8,9,8,11,11,8,8,1,1
53,9,2,6,1,2,9,2,3,3,3,3,2,1,4,4,10,7,10,7,9,9,8,8,1,1
57,9,2,8,1,1,8,4,2,4,1,4,4,4,4,4,10,8,11,9,10,10,8,8,1,1
63,5,1,7,2,2,9,2,2,2,2,2,2,2,2,4,9,6,9,8,9,11,8,8,1,1
98,8921,2,8,1,2,8,4,4,4,4,4,1,4,4,4,10,7,11,8,9,9,8,8,2,1
124,14,2,10,2,2,8,2,3,3,4,4,4,4,4,4,9,6,9,6,9,9,8,8,1,1
135,6,1,7,1,2,10,3,2,4,2,2,1,4,4,4,9,8,#NULL!,#NULL!,11,#NULL!,8,8,1,1
169,18,1,10,1,2,10,4,3,4,2,4,1,2,4,3,9,7,10,7,10,9,8,8,2,1
170,8,1,6,1,2,10,2,2,3,3,3,2,2,3,3,8,7,9,8,11,11,8,8,2,1
176,8,1,12,1,1,8,1,2,4,3,4,1,2,4,4,10,6,10,6,8,8,8,8,1,1
192,2587,2,13,1,1,6,1,3,3,3,4,2,3,4,4,9,7,10,8,10,10,8,8,1,1
198,13,1,9,2,2,8,3,3,4,4,4,2,2,2,4,7,6,7,6,11,11,8,8,3,1
201,12,1,7,5,1,7,1,2,4,1,4,2,2,3,4,9,8,11,10,11,11,8,8,2,1
207,10,2,14,1,2,9,3,3,3,2,2,2,1,3,3,9,6,10,7,9,9,8,8,2,2
211,6,2,13,1,2,8,4,2,1,3,4,1,1,4,4,10,7,11,8,9,9,8,8,2,1
215,12,2,12,1,1,8,4,3,4,2,4,1,3,4,-1,9,6,10,7,9,9,8,8,2,1
221,10,2,12,1,1,9,3,3,4,3,4,1,3,4,4,9,6,10,7,9,9,8,8,2,1
236,6787,1,14,1,2,8,4,3,3,2,4,2,4,4,-1,11,8,11,8,9,9,8,8,2,1
246,8,1,13,1,1,8,3,2,4,2,4,2,4,4,4,9,6,11,8,9,9,8,8,1,1
258,16,1,12,1,2,9,2,3,4,4,4,1,4,4,2,9,6,10,7,9,9,8,8,1,1
260,5,1,17,1,1,8,4,4,3,3,4,3,3,4,3,9,7,#NULL!,#NULL!,10,#NULL!,8,8,2,1
325,14,2,10,1,2,10,3,3,4,2,3,1,2,2,4,9,6,10,7,9,9,8,8,2,1
364,35,1,13,1,1,9,3,3,3,2,2,2,3,3,3,10,6,12,10,8,10,8,8,2,1
417,16,1,6,1,1,8,1,2,2,3,4,2,2,2,4,9,6,10,8,9,10,8,8,2,1
418,9,2,9,1,1,10,4,4,3,3,4,3,3,4,3,#NULL!,#NULL!,9,7,#NULL!,10,8,8,1,1
423,6,2,8,1,1,7,2,1,4,3,4,2,2,3,4,7,8,8,8,13,12,8,8,3,1
438,10,2,7,1,2,8,3,2,2,2,4,1,3,3,3,9,7,10,8,10,10,8,8,3,1
449,7,1,7,1,1,8,2,4,4,3,-1,2,3,4,4,9,6,10,7,9,9,8,8,2,1
463,4,1,15,1,2,7,4,4,4,4,4,4,4,4,4,10,6,12,10,8,10,8,8,1,1
485,9,1,8,1,1,8,1,4,4,4,4,4,4,4,4,10,7,11,8,9,9,8,8,2,1
487,14,2,17,1,1,8,1,1,4,4,4,4,4,4,4,10,8,10,9,10,11,8,8,1,1
489,5,1,16,1,2,9,4,4,4,2,4,2,2,2,4,9,6,13,10,9,9,8,8,1,1
491,3876,2,14,1,1,8,1,1,3,4,4,1,3,4,4,9,6,10,7,9,9,8,8,1,1
501,7,1,17,1,2,7,3,2,4,3,4,1,3,2,4,13,11,13,11,10,10,8,8,1,1
530,5,1,12,5,2,8,4,4,4,4,4,4,4,4,4,8,7,10,8,11,10,8,8,1,1
562,8,1,17,1,2,8,3,3,4,1,4,1,4,4,4,10,6,12,8,8,8,8,8,3,1
590,10,3,9,1,2,10,2,4,4,2,4,2,4,4,4,8,7,9,9,11,12,8,8,2,1
591,14,1,16,1,2,8,1,1,4,4,4,4,4,4,4,9,7,11,9,10,10,8,8,1,1
620,6,1,7,1,1,8,4,4,4,2,4,2,2,4,4,8,6,9,6,10,9,8,8,2,1
621,9,2,7,1,1,9,2,2,4,1,2,2,4,4,4,8,6,9,7,10,10,8,8,2,1
624,10,2,12,1,2,7,2,3,4,3,4,3,3,3,4,11,7,#NULL!,#NULL!,8,#NULL!,8,8,2,1
662,14,1,12,1,1,9,2,4,4,2,4,1,4,3,2,9,5,9,8,8,11,8,8,1,1
663,8,1,17,1,2,8,1,1,4,2,3,2,2,4,4,9,7,10,9,10,11,8,8,1,1
664,7,1,12,1,2,9,1,4,1,4,4,2,4,4,4,9,7,10,9,10,11,8,8,2,1
675,8,2,10,1,1,7,1,2,4,3,4,1,1,4,4,8,6,10,7,10,9,8,8,2,1
698,22,1,17,1,1,7,1,1,3,2,3,2,3,4,4,12,12,13,13,12,10,8,8,2,1
731,8,2,10,1,1,10,3,2,2,2,4,3,3,4,1,9,6,10,7,9,9,8,8,2,2
755,11,2,8,1,2,9,1,4,4,3,4,1,4,4,4,10,7,13,11,9,9,8,8,1,1
764,7,1,13,2,2,7,3,4,2,3,4,4,2,2,2,9,7,11,8,10,9,8,8,1,1
802,13,1,7,1,2,8,2,2,3,3,3,1,3,3,4,9,6,10,8,9,10,8,8,2,1
821,6,3,16,1,1,8,4,4,4,4,4,2,4,4,4,9,6,11,7,9,8,8,8,1,1
841,14,2,15,1,1,9,2,2,4,1,4,2,2,4,1,9,6,12,9,9,9,8,8,2,1
842,6,1,8,1,2,8,3,1,4,2,4,2,4,4,4,9,7,9,8,10,11,8,8,1,1
845,21,3,14,2,1,8,1,4,4,4,4,4,4,4,4,-1,-1,-1,-1,-1,-1,8,8,-1,-1
849,5,2,11,1,1,9,2,4,4,4,4,4,4,4,4,9,6,10,7,9,9,8,8,2,1
858,7,2,13,1,1,6,2,3,2,2,4,2,2,4,4,9,6,10,9,9,11,8,8,1,1
872,1456,2,10,1,2,8,3,4,4,4,4,2,4,4,4,8,6,8,8,10,12,8,8,3,1
885,9,1,16,1,1,9,2,3,3,1,4,3,-1,3,4,11,7,12,8,8,8,8,8,2,2
903,7,3,13,2,1,8,2,3,2,2,4,1,4,2,4,9,6,12,9,9,9,8,8,1,1
932,8,2,7,1,2,8,1,2,2,-1,3,2,1,3,4,9,6,10,7,9,9,8,8,1,1
972,53,3,7,1,1,8,2,3,4,3,4,2,4,4,3,9,7,10,8,10,10,8,8,1,1
986,17,3,12,1,1,8,1,1,2,1,4,1,4,4,4,8,6,9,9,10,12,8,8,2,1
996,32,1,8,1,1,9,4,2,4,2,4,1,1,4,4,9,7,11,10,10,11,8,8,2,1
998,1442,2,8,1,2,8,1,4,4,4,4,1,2,4,4,9,7,10,8,10,10,8,8,1,1
1020,4,2,7,1,2,7,1,1,3,3,3,1,3,3,3,10,8,11,8,10,9,8,8,1,1
1051,4,1,9,1,2,8,3,3,4,1,4,2,4,4,4,9,7,9,8,10,11,8,8,1,1
1087,11,2,12,1,1,8,1,4,4,4,4,2,2,4,4,9,6,11,8,9,9,8,8,1,1
1089,15,2,7,1,1,7,1,2,4,2,4,1,3,4,4,9,6,10,7,9,9,8,8,3,1
1105,26,2,6,5,1,10,2,1,4,1,3,1,4,3,4,9,7,11,9,10,10,8,8,2,1
1111,7,1,11,1,1,9,2,3,3,4,4,3,3,4,4,8,6,9,7,10,10,8,8,1,1
1113,18,2,8,1,1,6,3,4,4,4,4,1,4,4,4,9,6,10,7,9,9,8,8,1,1
1138,8,1,11,1,1,8,1,4,4,4,4,2,2,4,4,9,6,9,7,9,10,8,8,1,1
1144,7,2,10,5,1,8,1,3,4,3,4,3,2,4,4,9,6,9,8,9,11,8,8,1,1
1179,8,3,14,1,1,10,1,1,4,4,4,4,4,4,4,9,6,9,6,9,9,8,8,2,1
1195,24,1,9,5,1,8,3,3,3,3,4,2,4,4,4,9,7,10,7,10,9,8,8,2,1
1236,7,2,9,2,1,9,3,4,2,4,4,3,4,3,4,9,6,10,8,9,10,8,8,1,1
1266,13,1,17,1,1,9,2,4,3,2,4,1,-1,4,4,10,7,12,10,9,10,8,8,2,1
1270,13,1,7,1,2,9,3,2,4,1,3,3,4,4,4,9,7,10,8,10,10,8,8,1,1
1327,23,3,15,2,1,8,1,1,4,1,4,1,4,4,4,#NULL!,#NULL!,#NULL!,#NULL!,#NULL!,#NULL!,8,8,1,1
1333,7,1,17,1,2,8,4,4,4,4,4,-1,4,4,4,10,7,11,10,9,11,8,8,1,1
1344,17,3,7,1,2,8,1,3,4,3,3,2,4,4,4,9,7,10,8,10,10,8,8,2,1
1378,11,2,7,1,2,9,2,3,4,2,4,3,2,4,4,10,7,11,8,9,9,8,8,2,1
1394,5,3,9,1,2,8,2,3,4,2,3,3,3,3,4,8,6,8,6,10,10,8,8,2,1
1406,6,1,12,1,1,8,3,3,4,2,4,2,3,3,4,9,7,13,10,10,9,8,8,1,2
1420,14,2,17,1,1,5,3,1,3,2,3,4,3,3,3,12,10,12,10,10,10,8,8,3,1
1441,18,2,12,2,1,7,2,2,3,3,4,1,2,4,4,10,6,11,8,8,9,8,8,1,1
1446,5,2,10,1,1,8,1,3,3,4,4,4,4,4,4,9,6,10,8,9,10,8,8,1,1
1452,7,2,12,1,2,9,3,3,4,2,4,1,1,3,4,9,7,12,10,10,10,8,8,2,1
1468,8,3,14,1,1,9,1,1,4,3,4,2,2,4,-1,10,6,11,9,8,10,8,8,1,1
1478,9,1,6,1,1,10,4,3,3,3,4,3,3,4,4,10,7,11,8,9,9,8,8,1,1
1528,10,2,12,2,2,8,2,3,3,3,4,2,3,4,4,9,6,11,11,9,12,8,8,1,1
1535,20,2,9,1,1,8,2,4,3,1,4,1,1,4,4,#NULL!,#NULL!,10,8,#NULL!,10,8,8,1,1
48,16,1,11,2,2,9,1,4,4,3,4,2,3,4,4,9,7,11,9,10,10,9,8,1,2
49,12,3,13,1,1,10,2,2,2,2,2,2,2,4,2,9,6,10,8,9,10,9,8,2,1
103,29,2,10,1,2,9,3,3,4,2,4,2,1,4,2,9,6,11,8,9,9,9,8,1,1
167,12415,1,6,1,1,8,1,1,4,3,4,2,2,4,4,9,7,11,9,10,10,9,8,2,1
196,2259,1,8,1,1,10,2,2,2,3,3,1,2,2,-1,9,7,13,9,10,8,9,8,2,1
206,30,3,11,1,1,9,2,3,4,3,4,2,2,2,4,9,7,10,7,10,9,9,8,2,1
244,9969,1,6,1,1,8,2,2,4,1,2,1,1,4,1,9,7,#NULL!,#NULL!,10,#NULL!,9,8,3,1
292,290,1,7,1,2,10,4,3,2,3,4,1,3,4,4,8,7,9,7,11,10,9,8,1,1
359,7,3,7,1,2,10,2,4,4,1,4,2,4,3,1,#NULL!,#NULL!,9,7,#NULL!,10,9,8,2,1
378,15,2,8,1,2,8,3,3,3,2,2,3,2,4,1,9,6,11,8,9,9,9,8,2,1
380,11,2,10,1,1,8,4,4,4,4,4,3,4,4,4,9,7,10,8,10,10,9,8,1,1
492,6384,1,9,1,2,7,2,2,2,2,2,2,2,2,2,10,7,11,8,9,9,9,8,1,1
499,10,2,6,2,1,10,1,2,3,3,4,2,2,2,4,8,6,9,8,10,11,9,8,2,1
518,9,3,8,1,1,10,1,2,4,2,-1,3,3,3,3,8,7,9,7,11,10,9,8,2,1
519,11,2,9,1,1,8,2,4,4,4,4,4,4,4,4,9,8,11,8,11,9,9,8,1,1
598,7,2,7,2,1,9,3,1,4,4,4,3,2,2,4,8,6,9,7,10,10,9,8,3,1
614,54,1,6,5,1,9,4,3,4,3,4,1,2,4,4,8,6,8,7,10,11,9,8,2,2
642,49,2,7,1,1,8,3,3,4,2,4,1,4,4,3,8,7,9,7,11,10,9,8,2,1
749,11,1,11,5,1,9,2,2,4,1,4,2,2,3,4,9,6,11,9,9,10,9,8,1,1
765,8,2,10,1,1,10,2,4,4,2,4,2,3,4,4,9,7,9,7,10,10,9,8,1,1
815,8,1,10,1,1,9,4,4,4,4,4,3,4,4,4,9,6,11,8,9,9,9,8,1,1
902,8,2,9,1,1,9,1,1,3,1,4,2,3,3,3,8,7,9,7,11,10,9,8,1,1
960,10,1,9,1,2,9,1,4,3,2,4,2,2,3,4,9,7,10,8,10,10,9,8,2,1
961,11,2,11,1,1,10,4,4,4,3,4,4,4,4,4,9,7,11,8,10,9,9,8,1,1
982,9,6,12,1,2,9,2,3,4,3,4,1,2,4,3,9,6,#NULL!,#NULL!,9,#NULL!,9,8,1,1
1052,6,4,7,1,1,8,4,3,4,4,4,2,2,4,4,8,6,8,8,10,12,9,8,3,1
1122,11,1,10,1,1,8,3,4,4,2,4,2,4,4,2,9,7,10,8,10,10,9,8,1,1
1128,8,2,8,1,1,8,2,3,4,3,2,3,4,4,2,10,7,11,7,9,8,9,8,2,2
1157,10,2,9,2,2,9,4,2,4,4,4,4,4,2,4,9,6,11,10,9,11,9,8,2,1
1163,57,2,7,2,2,9,1,3,2,2,2,2,3,2,3,8,6,10,8,10,10,9,8,3,1
1175,7,3,7,1,2,10,1,4,4,1,4,4,4,4,4,8,6,9,7,10,10,9,8,2,1
1186,6,2,6,1,1,10,4,4,4,2,4,4,4,4,4,8,6,9,6,10,9,9,8,1,1
1223,12,2,12,5,1,9,2,2,4,2,4,2,2,4,4,10,7,11,8,9,9,9,8,1,1
1228,10,1,9,1,1,10,1,2,4,2,4,2,2,4,4,9,7,10,9,10,11,9,8,2,1
1239,4,2,9,1,2,9,2,3,4,1,4,3,3,4,4,9,6,10,6,9,8,9,8,1,1
1322,5,2,9,1,2,8,2,2,3,3,4,2,4,3,4,8,6,10,7,10,9,9,8,2,1
1338,5,2,15,1,1,9,4,3,4,1,4,1,3,4,4,9,6,10,8,9,10,9,8,2,2
1341,9,1,11,1,1,8,1,4,4,2,2,3,4,4,4,9,7,10,8,10,10,9,8,1,1
1371,32,3,13,1,1,8,2,1,2,1,2,1,2,1,-1,10,8,13,12,10,10,9,8,3,2
1383,7,1,12,1,2,8,3,4,4,4,4,3,3,4,4,9,7,12,8,10,8,9,8,1,1
1407,22,1,8,1,2,9,2,2,4,4,4,3,4,4,4,9,7,10,8,10,10,9,8,1,1
1429,13,1,15,1,2,9,2,4,3,2,4,2,3,4,4,9,6,11,8,9,9,9,8,2,1
1476,17,3,9,1,2,9,3,3,2,3,4,4,4,4,4,9,7,11,8,10,9,9,8,2,1
1493,39,2,9,1,1,8,3,2,4,1,4,1,2,4,4,8,6,10,7,10,9,9,8,2,1
1499,181,2,10,1,1,9,2,3,4,3,3,2,3,4,3,9,7,9,8,10,11,9,8,1,1
1508,5,1,8,2,2,9,3,2,2,2,4,1,2,3,4,9,7,10,7,10,9,9,8,2,1
1536,9,2,8,1,2,9,2,3,4,4,4,1,1,4,4,8,7,10,10,11,12,9,8,1,1
293,5,3,7,1,1,10,1,3,4,3,4,1,2,4,4,8,6,9,8,10,11,10,8,2,1
323,8,2,9,1,1,10,3,2,4,2,3,2,2,4,4,9,7,11,7,10,8,10,8,1,1
580,22,1,10,1,2,10,2,3,3,2,4,3,2,4,4,8,6,10,6,10,8,10,8,1,1
1010,9,1,11,1,1,8,1,2,4,2,4,2,2,4,1,8,6,11,7,10,8,10,8,2,1
1085,25,2,12,1,2,10,3,2,4,4,4,4,4,4,-1,8,6,12,8,10,8,10,8,1,1
1280,8,2,8,1,1,11,4,4,4,4,4,4,4,4,4,7,7,9,7,12,10,10,8,1,1
1303,11,1,11,1,1,10,3,4,4,4,4,3,3,3,2,9,6,10,7,9,9,10,8,1,1
1474,8,1,7,1,1,10,4,4,4,4,4,4,3,4,4,8,6,10,7,10,9,10,8,1,1
56,421,4,17,1,1,8,1,1,4,3,4,1,-1,3,2,13,6,13,12,5,9,5,7,2,2
695,8,1,17,1,1,7,1,1,4,2,3,1,1,2,2,11,7,13,10,8,8,6,7,2,1
988,10,4,15,2,1,9,2,4,4,4,4,2,2,4,4,12,7,13,10,7,8,6,7,3,2
1124,1286,2,9,1,2,8,1,3,4,1,4,3,3,4,4,9,7,11,9,10,10,6,7,2,1
1350,14,1,15,1,2,8,1,2,4,2,4,1,3,1,1,10,6,11,10,8,11,6,7,2,1
1450,33,3,12,2,2,8,2,2,2,2,-1,3,3,2,3,9,7,9,7,10,10,6,7,3,3
1511,48,1,13,5,1,9,2,2,4,2,3,1,4,2,3,11,7,13,9,8,8,6,7,3,2
91,68,2,16,1,2,8,4,4,4,4,4,2,4,4,2,10,6,11,8,8,9,7,7,1,1
101,8,1,15,1,2,8,4,4,4,2,4,2,4,4,4,11,7,12,8,8,8,7,7,1,1
130,12,2,6,1,2,7,3,4,4,2,4,1,1,4,4,8,6,9,6,10,9,7,7,2,1
186,11690,2,15,1,2,6,1,2,4,1,2,2,1,2,2,#NULL!,#NULL!,#NULL!,#NULL!,#NULL!,#NULL!,7,7,2,1
393,9,1,15,5,1,7,1,1,4,1,3,2,2,3,4,10,6,11,7,8,8,7,7,1,2
407,8,4,12,1,1,8,2,2,4,1,4,4,4,3,4,11,6,11,6,7,7,7,7,3,1
428,11,1,10,1,2,7,3,3,4,2,4,1,3,4,2,9,6,10,9,9,11,7,7,1,1
543,13,1,6,1,2,8,3,3,3,3,3,3,3,3,3,9,8,10,9,11,11,7,7,1,1
561,19,2,10,5,2,10,2,2,4,2,4,2,4,4,3,9,7,9,9,10,12,7,7,3,2
605,14,3,7,5,2,7,1,3,2,2,3,2,2,2,4,8,7,10,7,11,9,7,7,3,1
630,2551,2,7,1,1,8,1,1,4,3,4,1,1,4,4,8,7,9,6,11,9,7,7,3,3
686,7,4,17,2,1,8,4,4,4,4,4,4,4,4,4,10,6,10,7,8,9,7,7,1,2
713,10,4,14,1,2,8,2,4,3,3,4,4,4,3,4,8,5,11,9,9,10,7,7,1,1
730,12,1,9,1,2,8,2,3,2,4,4,1,4,4,4,10,6,11,9,8,10,7,7,2,1
839,12,1,15,1,2,8,4,4,4,4,4,4,4,4,4,10,7,12,10,9,10,7,7,1,1
949,23,1,9,1,1,8,3,2,4,2,4,1,3,4,4,9,6,#NULL!,#NULL!,9,#NULL!,7,7,2,1
1082,18,1,17,1,2,9,1,2,4,2,2,2,3,4,4,8,6,10,9,10,11,7,7,2,1
1094,16,3,14,1,1,8,1,2,4,2,3,2,3,4,1,10,6,11,8,8,9,7,7,1,1
1102,10,1,16,1,1,7,1,3,4,1,4,2,3,4,3,10,6,12,10,8,10,7,7,2,1
1275,7,3,16,2,1,7,3,3,3,2,4,2,3,4,4,10,7,#NULL!,#NULL!,9,#NULL!,7,7,1,1
1445,38,1,6,1,1,8,3,2,4,2,3,2,3,4,3,9,7,10,8,10,10,7,7,2,1
71,6,1,6,1,2,9,1,3,4,2,3,4,4,4,4,8,7,8,7,11,11,8,7,2,1
107,7,1,16,1,2,8,2,4,2,3,4,4,4,2,4,9,6,12,8,9,8,8,7,1,1
155,10,1,8,1,2,9,3,3,3,1,4,2,2,4,4,#NULL!,#NULL!,9,6,#NULL!,9,8,7,2,1
283,6,3,12,1,1,9,3,4,2,1,2,2,4,1,-1,8,6,9,6,10,9,8,7,2,1
300,9,1,14,1,2,8,2,3,4,2,4,2,2,3,2,9,7,9,7,10,10,8,7,2,2
511,13,1,15,1,1,6,4,4,4,4,4,4,4,4,4,11,9,12,9,10,9,8,7,1,1
516,5,1,15,1,1,8,2,4,4,2,4,1,3,4,4,11,7,11,8,8,9,8,7,2,1
655,9,3,11,1,1,8,4,4,3,2,1,4,4,2,3,8,6,9,8,10,11,8,7,2,1
699,25,1,6,1,1,8,2,4,4,2,4,1,1,4,3,10,6,12,7,8,7,8,7,1,1
929,11,2,11,1,2,9,4,2,4,1,4,3,3,4,4,9,6,10,6,9,8,8,7,2,1
954,11,2,11,1,1,9,2,3,4,4,4,2,3,4,2,9,6,11,7,9,8,8,7,1,2
1148,240,2,6,5,2,9,1,1,4,1,2,2,4,4,2,8,6,8,6,10,10,8,7,2,2
1153,2699,2,9,1,-1,8,4,1,4,1,1,4,4,4,4,9,6,10,10,9,12,8,7,1,1
1169,8,1,12,1,1,10,3,3,2,1,4,3,2,1,4,10,8,11,9,10,10,8,7,4,2
1222,19,1,8,1,1,9,1,2,2,3,3,1,2,4,4,9,6,9,6,9,9,8,7,1,1
1283,22,3,6,1,1,8,2,3,4,2,4,1,2,4,2,10,7,11,6,9,7,8,7,1,1
1348,23,1,9,1,1,7,1,2,4,2,3,2,3,4,4,9,7,12,7,10,7,8,7,1,1
1504,11,1,13,2,1,9,2,2,3,2,4,4,4,4,4,10,7,11,7,9,8,8,7,2,1
1526,32,2,11,1,1,9,3,4,4,2,4,1,4,4,3,9,6,11,8,9,9,8,7,2,1
134,8,2,7,1,2,10,1,3,3,1,4,1,1,2,2,8,7,10,8,11,10,9,7,4,1
440,8,1,14,2,1,8,1,1,4,2,3,2,2,3,4,9,6,12,10,9,10,9,7,2,1
785,11,1,8,1,2,9,2,3,3,3,4,2,1,3,3,8,7,11,7,11,8,9,7,1,1
1214,1069,1,7,1,2,8,2,3,4,3,4,2,4,4,4,8,7,10,9,11,11,9,7,2,1
1086,1681,2,17,1,1,8,1,1,4,1,4,2,3,4,1,#NULL!,#NULL!,10,7,#NULL!,9,10,7,1,1
976,18,2,17,1,1,7,1,1,3,2,4,1,1,3,2,10,7,13,10,9,9,5,6,1,2
1288,8,2,13,1,1,6,1,1,3,1,3,1,1,1,1,10,7,12,10,9,10,5,6,4,3
119,8,2,11,1,1,9,3,3,3,3,3,1,3,3,4,10,6,12,7,8,7,6,6,2,1
132,22,2,15,1,2,8,4,4,4,4,4,4,4,4,4,8,6,11,7,10,8,6,6,3,2
430,7,1,17,1,2,6,3,2,4,1,4,1,2,2,3,12,6,13,7,6,6,6,6,1,1
772,10,3,17,1,1,8,2,3,2,3,4,1,4,4,4,10,6,11,7,8,8,6,6,1,1
957,22,2,13,1,2,8,3,2,4,2,3,2,2,3,2,11,7,12,8,8,8,6,6,1,1
1190,16,2,17,1,1,8,3,2,4,4,4,4,4,4,4,10,6,11,8,8,9,6,6,2,-1
1205,16,2,11,1,1,8,1,4,4,3,4,4,4,4,3,9,5,9,6,8,9,6,6,4,1
171,13,2,15,1,1,8,3,2,4,1,3,3,2,4,4,11,7,12,9,8,9,7,6,3,3
208,6,1,14,1,1,8,2,2,4,4,4,2,4,4,4,10,6,10,6,8,8,7,6,2,3
473,5475,1,16,1,1,9,2,3,3,2,4,1,1,4,4,11,7,13,11,8,9,7,6,3,4
570,41,1,16,1,2,8,1,1,4,2,2,3,3,4,4,10,6,12,9,8,9,7,6,2,1
690,13,1,6,2,1,8,2,2,4,3,4,1,1,4,3,8,7,#NULL!,#NULL!,11,#NULL!,7,6,2,1
1197,11,1,13,2,2,8,3,4,4,2,4,2,4,1,4,10,7,12,9,9,9,7,6,1,1
1332,21,2,12,2,1,8,3,2,3,2,4,1,2,4,3,10,7,11,8,9,9,7,6,3,1
1356,8,1,13,1,2,8,1,4,3,3,4,2,1,4,-1,11,7,11,6,8,7,7,6,1,2
245,11,2,10,5,1,9,1,1,2,1,3,1,1,1,3,9,7,11,10,10,11,8,6,1,1
324,10,3,13,5,1,6,2,2,4,3,4,1,3,4,4,8,6,12,11,10,11,8,6,1,1
488,8,1,8,1,1,8,1,2,4,3,4,1,1,3,4,9,6,11,8,9,9,8,6,2,1
705,9,1,12,2,1,7,2,1,4,1,3,4,4,3,4,8,6,10,8,10,10,8,6,1,1
1088,12,1,13,2,2,8,3,4,3,1,4,2,4,3,4,10,6,10,6,8,8,8,6,1,1
1312,12,1,17,1,2,8,1,1,2,2,2,1,1,3,3,10,6,12,9,8,9,8,6,2,1
1325,7,1,13,1,1,10,2,2,2,3,4,1,3,3,4,9,6,11,9,9,10,8,6,2,1
719,3003,1,7,1,1,9,2,2,4,3,4,2,3,3,3,#NULL!,#NULL!,9,9,#NULL!,12,9,6,2,1
798,14,1,17,1,2,8,4,3,4,3,4,3,4,4,4,10,6,10,8,8,10,5,5,2,1
933,8,2,17,1,1,7,3,3,3,2,4,2,4,4,4,11,6,13,10,7,9,5,5,4,2
1480,382,1,11,1,1,10,4,4,4,4,4,4,4,4,2,9,5,10,5,8,7,5,5,4,2
1232,8,1,8,1,1,3,1,2,2,2,2,1,1,1,2,9,8,8,6,11,10,6,5,1,2
738,1343,1,12,2,2,7,1,2,4,3,4,1,1,4,4,9,6,13,12,9,11,7,5,2,1
1294,17,1,16,1,2,7,1,2,4,1,1,3,3,4,1,11,6,11,6,7,7,10,5,2,2
481,7,1,14,1,1,8,3,2,2,3,4,1,2,4,4,10,8,11,9,10,10,7,4,2,1
637,3740,3,12,5,1,9,1,1,4,3,4,1,2,2,-1,10,6,12,10,8,10,2,3,2,2
607,8,1,15,1,1,8,1,1,1,1,1,1,1,1,1,9,7,11,12,10,13,1,2,2,1
1428,13,1,17,1,1,8,3,3,4,2,4,1,2,2,2,9,6,8,7,9,11,1,2,2,1
1023,12,3,8,1,2,8,4,2,4,2,4,2,2,3,2,8,7,10,9,11,11,3,2,2,2
376,16,1,14,1,2,8,3,1,4,4,4,1,4,3,4,10,6,10,9,8,11,1,1,1,2
457,10,1,7,1,2,11,1,2,4,2,2,1,1,4,4,8,6,10,8,10,10,1,1,1,1
472,9,2,15,1,2,8,1,2,3,4,4,2,1,1,4,10,6,11,8,8,9,1,1,2,1
338,12,1,12,1,2,8,3,3,2,2,3,2,1,3,3,10,-1,-1,-1,-1,-1,-1,-1,1,1
387,7,2,7,1,2,10,2,4,4,4,4,1,1,4,4,8,7,-1,-1,11,-1,-1,-1,1,1
887,6,1,16,1,2,7,2,2,4,4,4,3,3,3,4,10,7,12,9,9,9,-1,-1,2,1
1213,7,1,6,1,2,9,1,2,3,1,4,2,2,4,4,9,7,10,8,10,10,-1,-1,1,1
1414,38,2,16,1,2,9,1,3,4,2,2,3,3,4,4,10,5,10,9,7,11,-1,-1,1,1
66,10,4,10,2,2,8,2,3,3,1,4,2,1,4,4,#NULL!,#NULL!,10,7,#NULL!,9,7,-1,2,1
38,13,5,9,1,2,8,2,4,4,1,3,2,3,4,2,10,7,11,11,9,12,8,-1,1,1
43,7,1,13,2,1,8,2,2,3,4,4,3,4,4,4,10,5,12,11,7,11,8,-1,2,2
734,6,3,13,2,1,9,4,4,4,4,4,4,4,4,4,8,7,8,10,11,14,8,-1,2,1
909,11,1,15,1,1,7,2,2,4,2,4,2,2,4,4,9,6,12,8,9,8,8,-1,1,1
525,8,1,9,1,2,9,3,2,4,2,4,1,4,4,4,9,7,10,9,10,11,9,-1,1,1
1248,5,1,6,1,2,10,2,4,3,2,4,3,3,4,4,8,7,8,7,11,11,10,-1,2,1
832,15,2,13,3,1,8,1,2,4,2,4,1,3,4,4,10,6,10,7,8,9,11,-1,1,1
